seed,is_success,grasped,lifted,released,resting,placement_candidate,placement_error_m,reach_distance_m,ground_contact,stage,reward_version,current_grasp,cube_height_m,finger_opening_m,obstacle_contact,mass,friction,size,object_shape,obstacle_height,object_yaw,source_xy,destination_xy,obstacle_offset_xy,obstacle_half_xy,environment_profile,episode_horizon,gripper_yaw_rad,max_held_height_m,ground_slide_distance_m,sliding_failure,collision_failure,steps
56000,True,True,True,True,True,True,0.0020543598564437943,0.1552358776905466,False,place,3,False,0.024989430948406596,0.03954575451105301,False,0.08,2.0,0.05,box,0.0,0.0,"[0.35706201815568306, -0.14725559482802275]","[0.5183516876746287, 0.16702184747627263]","[0.0, 0.0]","[0.04, 0.04]",yaw_aligned_v3,500,1.5707963267948966,0.18,0.0016849730741971018,False,False,243
56001,True,True,True,True,True,True,0.010805940138860569,0.15736657525605358,False,place,3,False,0.024988850803602646,0.03999996143058002,False,0.08,2.0,0.05,box,0.0,0.0,"[0.5005096671496584, -0.2120780045313308]","[0.35495250448264604, 0.22776506553064702]","[0.0, 0.0]","[0.04, 0.04]",yaw_aligned_v3,500,1.5707963267948966,0.18,0.001572342396356684,False,False,274
56002,True,True,True,True,True,True,0.01530606687354845,0.14587480756983648,False,place,3,False,0.024989733546797174,0.03993442203948465,False,0.08,2.0,0.05,box,0.0,0.0,"[0.3634779307307604, -0.14474254610713097]","[0.5039807189965564, 0.18420526434670836]","[0.0, 0.0]","[0.04, 0.04]",yaw_aligned_v3,500,1.5707963267948966,0.18,0.006630758760712513,False,False,247
56003,True,True,True,True,True,True,0.003450986834336485,0.15607044603821973,False,place,3,False,0.024989505649482012,0.039999966051682864,False,0.08,2.0,0.05,box,0.0,0.0,"[0.5160320312461123, -0.19700012162195515]","[0.3857537623722373, 0.19263854020135712]","[0.0, 0.0]","[0.04, 0.04]",yaw_aligned_v3,500,1.5707963267948966,0.18,0.0024750346397697217,False,False,264
56004,True,True,True,True,True,True,0.013892102101367057,0.1503337154961855,False,place,3,False,0.02498935984598857,0.039999977335353876,False,0.08,2.0,0.05,box,0.0,0.0,"[0.5417900094259454, -0.1773280955837439]","[0.37820995882666936, 0.1659235216031735]","[0.0, 0.0]","[0.04, 0.04]",yaw_aligned_v3,500,1.5707963267948966,0.18,0.025261784457268052,False,False,263
56005,True,True,True,True,True,True,0.012604063559948102,0.1513621014400274,False,place,3,False,0.024989493432362876,0.03999996438589531,False,0.08,2.0,0.05,box,0.0,0.0,"[0.5376213464861886, -0.1408490750636947]","[0.38754409242208476, 0.25800995723087705]","[0.0, 0.0]","[0.04, 0.04]",yaw_aligned_v3,500,1.5707963267948966,0.18,0.012074359718705028,False,False,254
56006,True,True,True,True,True,True,0.011402199798984642,0.1495422593826089,False,place,3,False,0.024989270571755984,0.03999995630115837,False,0.08,2.0,0.05,box,0.0,0.0,"[0.5284616303410626, -0.19618758136039752]","[0.3692909845790097, 0.20240959016389665]","[0.0, 0.0]","[0.04, 0.04]",yaw_aligned_v3,500,1.5707963267948966,0.18,0.010443041031847074,False,False,266
56007,True,True,True,True,True,True,0.010745660958973351,0.15047783382373905,False,place,3,False,0.024989166760732612,0.03999995577840682,False,0.08,2.0,0.05,box,0.0,0.0,"[0.546508337802933, -0.2147731554326774]","[0.386692712984357, 0.23494655874697756]","[0.0, 0.0]","[0.04, 0.04]",yaw_aligned_v3,500,1.5707963267948966,0.18,0.0022901975940485186,False,False,276
56008,True,True,True,True,True,True,0.013776555756934514,0.1502012360563052,False,place,3,False,0.024989573624888115,0.03985208111469085,False,0.08,2.0,0.05,box,0.0,0.0,"[0.3971830278655549, -0.1535860050140097]","[0.5106958247317852, 0.18175125479202045]","[0.0, 0.0]","[0.04, 0.04]",yaw_aligned_v3,500,1.5707963267948966,0.18,0.010265040918071861,False,False,243
56009,True,True,True,True,True,True,0.00952596376457064,0.1488495547473036,False,place,3,False,0.024989492155483142,0.039999961170972986,False,0.08,2.0,0.05,box,0.0,0.0,"[0.5408928141275875, -0.1936239071856593]","[0.3659234700423255, 0.23010541015097652]","[0.0, 0.0]","[0.04, 0.04]",yaw_aligned_v3,500,1.5707963267948966,0.18,0.0014621147285389393,False,False,268
56010,True,True,True,True,True,True,0.01313376305676197,0.1485637519045283,False,place,3,False,0.02498890653411525,0.0399936961322586,False,0.08,2.0,0.05,box,0.0,0.0,"[0.3516109240135763, -0.1991704170337787]","[0.5368583297054916, 0.2098894759823197]","[0.0, 0.0]","[0.04, 0.04]",yaw_aligned_v3,500,1.5707963267948966,0.18,0.009037864926360066,False,False,267
56011,True,True,True,True,True,True,0.006595011340515336,0.14951618601905242,False,place,3,False,0.02498954305871102,0.03992586528084314,False,0.08,2.0,0.05,box,0.0,0.0,"[0.3544745411322543, -0.19444117629292917]","[0.5227593831065386, 0.18959074061383177]","[0.0, 0.0]","[0.04, 0.04]",yaw_aligned_v3,500,1.5707963267948966,0.18,0.010234900982998044,False,False,264
56012,True,True,True,True,True,True,0.01375347486733369,0.15853374699562828,False,place,3,False,0.02498947322112386,0.03965117185440056,False,0.08,2.0,0.05,box,0.0,0.0,"[0.37415084941378224, -0.22927109640413565]","[0.5241967604497367, 0.2301054321724929]","[0.0, 0.0]","[0.04, 0.04]",yaw_aligned_v3,500,1.5707963267948966,0.18,0.004775624010105491,False,False,279
56013,True,True,True,True,True,True,0.0018710276554138204,0.16150160533889857,False,place,3,False,0.024989315248987225,0.03999996539521801,False,0.08,2.0,0.05,box,0.0,0.0,"[0.5413059031915634, -0.19658298625673865]","[0.38415716578986286, 0.2017042434565186]","[0.0, 0.0]","[0.04, 0.04]",yaw_aligned_v3,500,1.5707963267948966,0.18,0.0024115745268131995,False,False,266
56014,True,True,True,True,True,True,0.010578205504031693,0.15939180661640828,False,place,3,False,0.024989473480397033,0.03999996794964823,False,0.08,2.0,0.05,box,0.0,0.0,"[0.5105662448855514, -0.19916928217505817]","[0.3689244147602784, 0.21240155424496315]","[0.0, 0.0]","[0.04, 0.04]",yaw_aligned_v3,500,1.5707963267948966,0.18,0.0014842602130403434,False,False,268
56015,True,True,True,True,True,True,0.010516070967189739,0.14941311237603075,False,place,3,False,0.024989067791609438,0.03999996522951886,False,0.08,2.0,0.05,box,0.0,0.0,"[0.5133752640432943, -0.19616323577928074]","[0.3624695089880945, 0.2119731386227893]","[0.0, 0.0]","[0.04, 0.04]",yaw_aligned_v3,500,1.5707963267948966,0.18,0.0011926852063550483,False,False,266
56016,True,True,True,True,True,True,0.010427736907056563,0.15152741606557152,False,place,3,False,0.024989183133962915,0.03996006594282919,False,0.08,2.0,0.05,box,0.0,0.0,"[0.398383778923884, -0.1439080668669002]","[0.5072309308744114, 0.19741304652398609]","[0.0, 0.0]","[0.04, 0.04]",yaw_aligned_v3,500,1.5707963267948966,0.18,0.014002937358387663,False,False,244
56017,True,True,True,True,True,True,0.010710360134169844,0.1465378963370579,False,place,3,False,0.0249895085149302,0.03881552972554644,False,0.08,2.0,0.05,box,0.0,0.0,"[0.3589000150700435, -0.1591728199882726]","[0.5489787996525054, 0.18103610664859504]","[0.0, 0.0]","[0.04, 0.04]",yaw_aligned_v3,500,1.5707963267948966,0.18,0.007232721710772042,False,False,252
56018,True,True,True,True,True,True,0.005312113376922847,0.1583080038845058,False,place,3,False,0.02498950859099534,0.03993565472693406,False,0.08,2.0,0.05,box,0.0,0.0,"[0.3729493825669036, -0.19944383634459525]","[0.5176528084807612, 0.24508811778874606]","[0.0, 0.0]","[0.04, 0.04]",yaw_aligned_v3,500,1.5707963267948966,0.18,0.0010336744629806684,False,False,273
56019,True,True,True,True,True,True,0.01288027235339582,0.15313782134541562,False,place,3,False,0.02498954566608759,0.039999787960425554,False,0.08,2.0,0.05,box,0.0,0.0,"[0.36764561099761306, -0.19514953558326906]","[0.5413150621730888, 0.2248194773889834]","[0.0, 0.0]","[0.04, 0.04]",yaw_aligned_v3,500,1.5707963267948966,0.18,0.0014727351446147793,False,False,269
