time/iterations,rollout/ep_rew_mean,rollout/ep_len_mean,time/total_timesteps,eval/mean_distance,time/fps,time/time_elapsed,eval/success_rate,rollout/success_rate,train/policy_gradient_loss,train/value_loss,train/std,train/n_updates,train/learning_rate,train/explained_variance,train/loss,train/clip_fraction,train/clip_range,train/entropy_loss,train/approx_kl
1,-31.331124590000005,126.09,452048,0.1577260508466331,1640,1,0.75,0.6,,,,,,,,,,,
2,-28.583754700000004,122.28,454096,,1309,3,,0.63,-0.0052057882014196364,1.5823131646960973,0.5701849460601807,2200,0.0003,0.7602800279855728,0.0950339064002037,0.223681640625,0.2,-5.930409941077232,0.021220967
3,-28.222539729999998,126.75,456144,,1261,4,,0.62,-0.010031527052342426,3.6081689052283763,0.5660040974617004,2210,0.0003,0.6809237897396088,0.7455298900604248,0.22841796875,0.2,-5.903500500321388,0.017099295
4,-27.742860910000005,128.88,458192,,1228,6,,0.6,-0.010476560186361894,3.8448506124317645,0.5647785663604736,2220,0.0003,0.6485227942466736,1.044621229171753,0.195458984375,0.2,-5.877689225971698,0.020965457
5,-26.508810429999997,126.68,460240,0.14868704697071106,1060,9,0.75,0.61,-0.012844794074771926,3.9084474723786116,0.5637848377227783,2230,0.0003,0.8031010031700134,0.654650866985321,0.219189453125,0.2,-5.861966802179813,0.017098395
6,-26.02373761,128.42,462288,,1074,11,,0.6,-0.013088592096755747,3.350100098364055,0.5603085160255432,2240,0.0003,0.8073007017374039,1.7358953952789307,0.2302734375,0.2,-5.836885060369968,0.020250697
7,-22.82626303,118.2,464336,,1076,13,,0.67,-0.005913548293028726,3.1867017187178135,0.5598419308662415,2250,0.0003,0.8266535252332687,1.9015436172485352,0.210400390625,0.2,-5.813839256763458,0.014885897
8,-23.922466229999994,121.73,466384,,1090,15,,0.64,-0.01078840212576324,3.8464737948030234,0.558047890663147,2260,0.0003,0.8224684447050095,0.7974201440811157,0.23466796875,0.2,-5.7976586148142815,0.021454418
9,-25.135425459999997,124.54,468432,,1103,16,,0.6,-0.011469036478956696,2.8820794043131173,0.5594245791435242,2270,0.0003,0.7743104100227356,1.0404149293899536,0.230029296875,0.2,-5.79433796107769,0.017034926
10,-27.28569806,132.48,470480,0.1746022026914231,1049,19,0.65,0.54,-0.008905234973644838,3.0013189120218158,0.5588679909706116,2280,0.0003,0.69066122174263,0.8312802910804749,0.217724609375,0.2,-5.800268295407295,0.02186221
11,-26.675401830000002,129.34,472528,,1054,21,,0.57,-0.004996046523592668,1.7990616866853089,0.5587233901023865,2290,0.0003,0.7106638848781586,0.6257426142692566,0.2716796875,0.2,-5.788972663879394,0.030660897
12,-27.110147270000002,131.97,474576,,1065,23,,0.56,-0.008612449835345615,3.5027275489643217,0.5582935214042664,2300,0.0003,0.7474343776702881,0.21468621492385864,0.240234375,0.2,-5.7820005178451535,0.020932965
13,-27.764731060000003,135.27,476624,,1075,24,,0.54,-0.00534157437941758,2.1438328196294605,0.55414217710495,2310,0.0003,0.8406582772731781,0.7596597671508789,0.250927734375,0.2,-5.753373254835606,0.023445252
14,-30.37952888,142.78,478672,,1083,26,,0.48,-0.009131241899740416,3.133842611219734,0.5525177717208862,2320,0.0003,0.7692716121673584,1.5418334007263184,0.209521484375,0.2,-5.718000604212284,0.0193299
15,-30.0323835,141.39,480720,0.14015302311983618,1048,29,0.7,0.49,-0.006940086978283943,2.018761387234554,0.5504754185676575,2330,0.0003,0.7433876097202301,0.380390465259552,0.219482421875,0.2,-5.690860106050968,0.02481358
16,-28.699502179999996,135.87,482768,,1055,31,,0.54,-0.012473007333755958,3.800420256704092,0.5525041818618774,2340,0.0003,0.8004469722509384,1.3764206171035767,0.2134765625,0.2,-5.691056217253208,0.018080622
17,-28.190996840000004,133.21,484816,,1060,32,,0.56,-0.00603551357780816,4.013945666141808,0.5509271025657654,2350,0.0003,0.7719262391328812,1.0265134572982788,0.19697265625,0.2,-5.692527537047863,0.016260974
18,-26.022008669999995,128.02,486864,,1063,34,,0.6,-0.00428265272785211,4.591633757203818,0.5474309325218201,2360,0.0003,0.8120508044958115,1.0115187168121338,0.21708984375,0.2,-5.658439980447293,0.0150724575
19,-24.074880240000002,120.92,488912,,1066,36,,0.64,-0.005158872979518492,2.831387154106051,0.5473775863647461,2370,0.0003,0.8522958308458328,0.556882381439209,0.233203125,0.2,-5.638582009077072,0.02111534
20,-23.832631020000004,119.74,490960,0.12219421366495706,1040,39,0.75,0.66,-0.011284942339989357,2.2634596798568962,0.5516297221183777,2380,0.0003,0.8274050503969193,0.32856807112693787,0.237939453125,0.2,-5.662265242636204,0.031772584
21,-23.883743159999998,121.03,493008,,1045,41,,0.66,-0.007899225346773165,3.528695211093873,0.5495469570159912,2390,0.0003,0.7174191772937775,1.212580919265747,0.227978515625,0.2,-5.677410075068474,0.01861071
22,-23.666161539999997,121.67,495056,,1052,42,,0.65,-0.005701032180513721,3.8800769757479427,0.5483691692352295,2400,0.0003,0.8101798892021179,0.994205117225647,0.21103515625,0.2,-5.665122869610786,0.021531098
23,-24.27774243,125.18,497104,,1058,44,,0.62,-0.0011094389636127743,2.9280972021631895,0.5483339428901672,2410,0.0003,0.8076931834220886,1.2491660118103027,0.2220703125,0.2,-5.662476015090943,0.027179958
24,-24.45823192,124.26,499152,,1061,46,,0.63,-0.00998999443545472,5.776705018430948,0.548960268497467,2420,0.0003,0.7560084611177444,3.786389112472534,0.203662109375,0.2,-5.666894334554672,0.016766952
25,-27.03006739000001,132.57,501200,0.15207577707202238,1038,49,0.6,0.56,-0.009347383267595433,4.882535720989108,0.5487431883811951,2430,0.0003,0.8394608944654465,1.241546630859375,0.234375,0.2,-5.670324859023094,0.023928426
26,-27.920630959999993,136.16,503248,,1043,51,,0.55,-0.0061261520182597454,2.0523732766509055,0.549647331237793,2440,0.0003,0.8091952353715897,0.36052995920181274,0.27001953125,0.2,-5.674382193386554,0.025193645
27,-27.362708480000006,134.29,505296,,1049,52,,0.58,-0.008491274843254359,5.276554589718581,0.5476731061935425,2450,0.0003,0.7332258820533752,0.6046317219734192,0.212890625,0.2,-5.671686831116676,0.015241607
28,-27.14145673,133.51,507344,,1052,54,,0.59,-0.009321030040155165,3.587032057531178,0.5451278686523438,2460,0.0003,0.7879548519849777,0.8795060515403748,0.27294921875,0.2,-5.637115454673767,0.025212215
29,-26.40724083,130.12,509392,,1055,56,,0.62,-0.007816923955397214,3.2448355032131078,0.5441218614578247,2470,0.0003,0.8191465735435486,0.7246281504631042,0.231689453125,0.2,-5.618478484451771,0.019801063
30,-26.038081759999997,129.86,511440,0.11039245637634745,1038,59,0.7,0.61,-0.0081309087741829,5.646023458614946,0.5415756702423096,2480,0.0003,0.830385684967041,1.1923151016235352,0.232666015625,0.2,-5.597133369743824,0.0189674
31,-26.5178314,131.33,513488,,1042,60,,0.6,-0.006258686312503414,3.208598063699901,0.5411224961280823,2490,0.0003,0.9016511291265488,2.281667470932007,0.237939453125,0.2,-5.577111291885376,0.020681484
32,-24.687251879999998,125.95,515536,,1045,62,,0.63,-0.0021146232596947812,2.4296206551603974,0.5444348454475403,2500,0.0003,0.904866948723793,0.45637187361717224,0.281396484375,0.2,-5.592960146069527,0.022576485
33,-22.513268309999997,119.62,517584,,1047,64,,0.67,-0.00892900616163388,4.113069311063737,0.5453308820724487,2510,0.0003,0.8216456323862076,0.5137094259262085,0.222900390625,0.2,-5.619642879068851,0.022103775
34,-22.672310750000005,119.42,519632,,1050,66,,0.67,-0.008375074432115071,3.262600925005972,0.5417436957359314,2520,0.0003,0.8496835827827454,0.9032716751098633,0.24599609375,0.2,-5.596751075983048,0.022175714
35,-20.142223809999997,111.85,521680,0.09242721027080654,1034,69,0.85,0.74,-0.004895996366394683,2.219504770729691,0.5423288345336914,2530,0.0003,0.8202638775110245,0.5660713315010071,0.264013671875,0.2,-5.579817707836628,0.026418377
36,-21.268256499999996,114.25,523728,,1038,70,,0.73,-0.006758206771337427,2.822443443723023,0.5430508852005005,2540,0.0003,0.8447529226541519,0.3181508779525757,0.207421875,0.2,-5.5930150002241135,0.01913054
37,-20.24815011,112.98,525776,,1041,72,,0.76,-0.007977589246002026,2.9645516999997197,0.5421519875526428,2550,0.0003,0.8266229778528214,1.3499094247817993,0.224755859375,0.2,-5.5870889753103254,0.021436747
38,-21.61790687,117.57,527824,,1045,74,,0.74,-0.0063325321229058314,3.982770883105695,0.541342556476593,2560,0.0003,0.8130620419979095,1.5550260543823242,0.219873046875,0.2,-5.578806729614735,0.015816879
39,-24.672975790000006,128.27,529872,,1049,76,,0.66,-0.010756268510886003,2.6381854927167296,0.5419734120368958,2570,0.0003,0.7344143390655518,0.8269407749176025,0.223388671875,0.2,-5.587021853029728,0.021489881
40,-26.055308790000005,133.85,531920,0.1300909934898712,1036,79,0.75,0.63,-0.008311822180985473,3.0057018929161132,0.5418630242347717,2580,0.0003,0.8699744194746017,0.4784691333770752,0.236279296875,0.2,-5.5890333816409115,0.014789117
41,-25.629685299999995,131.16,533968,,1038,80,,0.64,-0.006768855813425035,2.980907310731709,0.5407283902168274,2590,0.0003,0.87568449229002,2.1413536071777344,0.266455078125,0.2,-5.580599372088909,0.022424536
42,-27.525407719999997,137.47,536016,,1042,82,,0.59,-0.009165180497075199,4.12246857509017,0.5412253141403198,2600,0.0003,0.8371271342039108,0.7859793901443481,0.238818359375,0.2,-5.577209536731243,0.021071646
43,-27.042805079999997,133.48,538064,,1044,84,,0.63,-0.00986395918444032,2.687159753777087,0.5416819453239441,2610,0.0003,0.8501926362514496,0.7718744874000549,0.279052734375,0.2,-5.577181829512119,0.02513121
44,-27.98291749,135.19,540112,0.08020611120768613,1034,87,0.85,0.61,-0.004798488088999875,3.5576197797432543,0.5409859418869019,2620,0.0003,0.9257480204105377,0.6623682379722595,0.23603515625,0.2,-5.575634837150574,0.020077037
45,-26.435796800000002,129.24,542160,,1036,88,,0.64,-0.01055485829419922,3.2598825154826043,0.5420665740966797,2630,0.0003,0.753198117017746,0.6559181809425354,0.26279296875,0.2,-5.579090613126755,0.022954155
46,-25.557927460000002,125.94,544208,,1039,90,,0.65,-0.012054038215137553,2.5118570478633044,0.5417578816413879,2640,0.0003,0.8240161389112473,0.8765938878059387,0.26669921875,0.2,-5.581756487488747,0.035636365
47,-24.991084769999997,123.07,546256,,1039,92,,0.66,-0.007521253805316519,2.5832811632193624,0.5435723662376404,2650,0.0003,0.830224335193634,0.8641483783721924,0.242822265625,0.2,-5.595343324542045,0.02268904
48,-24.85422349,120.81,548304,,1041,94,,0.66,-0.010006579758919543,2.4519810389727352,0.5441682934761047,2660,0.0003,0.8659545183181763,0.5113843083381653,0.26650390625,0.2,-5.613010600209236,0.024798898
49,-24.242232939999997,121.13,550352,0.08663695669844215,1031,97,0.8,0.66,-0.0065644555856124494,1.0728807825129478,0.5457845330238342,2670,0.0003,0.8932722806930542,0.15639850497245789,0.2787109375,0.2,-5.61805075109005,0.024108384
