scene,seed,source_x,source_y,destination_x,destination_y,mass_kg,friction,success,lifted,grasped_with_both_fingers,released,resting,placement_error_m,ground_contact,failure
0,2026,0.4178934813675436,-0.11600868342848454,0.44672684011434854,0.14446006325296576,0.04,0.5,False,False,True,False,False,,False,Cube was not lifted; no attachment constraint was used.
0,2026,0.4178934813675436,-0.11600868342848454,0.44672684011434854,0.14446006325296576,0.04,1.0,True,True,True,True,True,0.013891223462288467,False,
0,2026,0.4178934813675436,-0.11600868342848454,0.44672684011434854,0.14446006325296576,0.04,2.0,True,True,True,True,True,0.0138035169035378,False,
0,2026,0.4178934813675436,-0.11600868342848454,0.44672684011434854,0.14446006325296576,0.08,0.5,True,True,True,True,True,0.014754601914568968,False,
0,2026,0.4178934813675436,-0.11600868342848454,0.44672684011434854,0.14446006325296576,0.08,1.0,True,True,True,True,True,0.013842486726626415,False,
0,2026,0.4178934813675436,-0.11600868342848454,0.44672684011434854,0.14446006325296576,0.08,2.0,True,True,True,True,True,0.013970742083617128,False,
0,2026,0.4178934813675436,-0.11600868342848454,0.44672684011434854,0.14446006325296576,0.15,0.5,True,True,True,True,True,0.013880440433262498,False,
0,2026,0.4178934813675436,-0.11600868342848454,0.44672684011434854,0.14446006325296576,0.15,1.0,True,True,True,True,True,0.013910989500116593,False,
0,2026,0.4178934813675436,-0.11600868342848454,0.44672684011434854,0.14446006325296576,0.15,2.0,True,True,True,True,True,0.014270650252417224,False,
1,2026,0.43549173343096514,-0.10094817541467349,0.4905143836677174,0.12128238301876584,0.04,0.5,False,False,True,False,False,,False,Cube was not lifted; no attachment constraint was used.
1,2026,0.43549173343096514,-0.10094817541467349,0.4905143836677174,0.12128238301876584,0.04,1.0,True,True,True,True,True,0.013880356047609173,False,
1,2026,0.43549173343096514,-0.10094817541467349,0.4905143836677174,0.12128238301876584,0.04,2.0,True,True,True,True,True,0.013798913597751546,False,
1,2026,0.43549173343096514,-0.10094817541467349,0.4905143836677174,0.12128238301876584,0.08,0.5,False,False,True,False,False,,False,Cube was not lifted; no attachment constraint was used.
1,2026,0.43549173343096514,-0.10094817541467349,0.4905143836677174,0.12128238301876584,0.08,1.0,True,True,True,True,True,0.013895785516770839,False,
1,2026,0.43549173343096514,-0.10094817541467349,0.4905143836677174,0.12128238301876584,0.08,2.0,True,True,True,True,True,0.01394310209165217,False,
1,2026,0.43549173343096514,-0.10094817541467349,0.4905143836677174,0.12128238301876584,0.15,0.5,True,True,True,True,True,0.01389370233402095,False,
1,2026,0.43549173343096514,-0.10094817541467349,0.4905143836677174,0.12128238301876584,0.15,1.0,True,True,True,True,True,0.013913818403782275,False,
1,2026,0.43549173343096514,-0.10094817541467349,0.4905143836677174,0.12128238301876584,0.15,2.0,True,True,True,True,True,0.014205210195412215,False,
2,2026,0.4652784802685132,-0.15016972326444306,0.49669622001623903,0.2103820192644734,0.04,0.5,False,False,True,False,False,,False,Cube was not lifted; no attachment constraint was used.
2,2026,0.4652784802685132,-0.15016972326444306,0.49669622001623903,0.2103820192644734,0.04,1.0,True,True,True,True,True,0.013865066446291822,False,
2,2026,0.4652784802685132,-0.15016972326444306,0.49669622001623903,0.2103820192644734,0.04,2.0,True,True,True,True,True,0.013956006362778259,False,
2,2026,0.4652784802685132,-0.15016972326444306,0.49669622001623903,0.2103820192644734,0.08,0.5,False,False,True,False,False,,False,Cube was not lifted; no attachment constraint was used.
2,2026,0.4652784802685132,-0.15016972326444306,0.49669622001623903,0.2103820192644734,0.08,1.0,True,True,True,True,True,0.013848141992114715,False,
2,2026,0.4652784802685132,-0.15016972326444306,0.49669622001623903,0.2103820192644734,0.08,2.0,True,True,True,True,True,0.013969013429720805,False,
2,2026,0.4652784802685132,-0.15016972326444306,0.49669622001623903,0.2103820192644734,0.15,0.5,True,True,True,True,True,0.013887383478621168,False,
2,2026,0.4652784802685132,-0.15016972326444306,0.49669622001623903,0.2103820192644734,0.15,1.0,True,True,True,True,True,0.013913313154380467,False,
2,2026,0.4652784802685132,-0.15016972326444306,0.49669622001623903,0.2103820192644734,0.15,2.0,True,True,True,True,True,0.014282038112695626,False,
3,2026,0.46358708041446517,-0.10472679029209134,0.4515153696322352,0.1991074310050684,0.04,0.5,False,False,True,False,False,,False,Cube was not lifted; no attachment constraint was used.
3,2026,0.46358708041446517,-0.10472679029209134,0.4515153696322352,0.1991074310050684,0.04,1.0,True,True,True,True,True,0.013878149617439271,False,
3,2026,0.46358708041446517,-0.10472679029209134,0.4515153696322352,0.1991074310050684,0.04,2.0,True,True,True,True,True,0.01450457516021132,False,
3,2026,0.46358708041446517,-0.10472679029209134,0.4515153696322352,0.1991074310050684,0.08,0.5,True,True,True,True,True,0.014254304985549804,False,
3,2026,0.46358708041446517,-0.10472679029209134,0.4515153696322352,0.1991074310050684,0.08,1.0,True,True,True,True,True,0.013890802408751922,False,
3,2026,0.46358708041446517,-0.10472679029209134,0.4515153696322352,0.1991074310050684,0.08,2.0,True,True,True,True,True,0.014006278777276981,False,
3,2026,0.46358708041446517,-0.10472679029209134,0.4515153696322352,0.1991074310050684,0.15,0.5,True,True,True,True,True,0.013887112560208224,False,
3,2026,0.46358708041446517,-0.10472679029209134,0.4515153696322352,0.1991074310050684,0.15,1.0,True,True,True,True,True,0.013867170875129614,False,
3,2026,0.46358708041446517,-0.10472679029209134,0.4515153696322352,0.1991074310050684,0.15,2.0,True,True,True,True,True,0.01428108048179275,False,
4,2026,0.44483805454001035,-0.1461187546686238,0.42778992155001594,0.12715996682120842,0.04,0.5,False,False,True,False,False,,False,Cube was not lifted; no attachment constraint was used.
4,2026,0.44483805454001035,-0.1461187546686238,0.42778992155001594,0.12715996682120842,0.04,1.0,True,True,True,True,True,0.01389373825661118,False,
4,2026,0.44483805454001035,-0.1461187546686238,0.42778992155001594,0.12715996682120842,0.04,2.0,True,True,True,True,True,0.013798683667260773,False,
4,2026,0.44483805454001035,-0.1461187546686238,0.42778992155001594,0.12715996682120842,0.08,0.5,False,False,True,False,False,,False,Cube was not lifted; no attachment constraint was used.
4,2026,0.44483805454001035,-0.1461187546686238,0.42778992155001594,0.12715996682120842,0.08,1.0,True,True,True,True,True,0.013829182015769145,False,
4,2026,0.44483805454001035,-0.1461187546686238,0.42778992155001594,0.12715996682120842,0.08,2.0,True,True,True,True,True,0.013969224769374155,False,
4,2026,0.44483805454001035,-0.1461187546686238,0.42778992155001594,0.12715996682120842,0.15,0.5,True,True,True,True,True,0.013890413951087931,False,
4,2026,0.44483805454001035,-0.1461187546686238,0.42778992155001594,0.12715996682120842,0.15,1.0,True,True,True,True,True,0.013917514147806771,False,
4,2026,0.44483805454001035,-0.1461187546686238,0.42778992155001594,0.12715996682120842,0.15,2.0,True,True,True,True,True,0.014286492328800889,False,
5,2026,0.45258168433452484,-0.13690879393155686,0.46631806204725956,0.10154085788401679,0.04,0.5,False,False,True,False,False,,False,Cube was not lifted; no attachment constraint was used.
5,2026,0.45258168433452484,-0.13690879393155686,0.46631806204725956,0.10154085788401679,0.04,1.0,True,True,True,True,True,0.013887188922242173,False,
5,2026,0.45258168433452484,-0.13690879393155686,0.46631806204725956,0.10154085788401679,0.04,2.0,True,True,True,True,True,0.013773229843724309,False,
5,2026,0.45258168433452484,-0.13690879393155686,0.46631806204725956,0.10154085788401679,0.08,0.5,False,False,True,False,False,,False,Cube was not lifted; no attachment constraint was used.
5,2026,0.45258168433452484,-0.13690879393155686,0.46631806204725956,0.10154085788401679,0.08,1.0,True,True,True,True,True,0.013852341091647529,False,
5,2026,0.45258168433452484,-0.13690879393155686,0.46631806204725956,0.10154085788401679,0.08,2.0,True,True,True,True,True,0.013952281018481283,False,
5,2026,0.45258168433452484,-0.13690879393155686,0.46631806204725956,0.10154085788401679,0.15,0.5,True,True,True,True,True,0.013896170160934794,False,
5,2026,0.45258168433452484,-0.13690879393155686,0.46631806204725956,0.10154085788401679,0.15,1.0,True,True,True,True,True,0.013890628127457267,False,
5,2026,0.45258168433452484,-0.13690879393155686,0.46631806204725956,0.10154085788401679,0.15,2.0,True,True,True,True,True,0.014249784427169843,False,
