case,seed,is_success,grasped,lifted,released,resting,placement_candidate,placement_error_m,reach_distance_m,ground_contact,stage,reward_version,current_grasp,cube_height_m,finger_opening_m,obstacle_contact,mass,friction,size,object_shape,obstacle_height,max_held_height_m,ground_slide_distance_m,sliding_failure,steps
reference,8000,True,True,True,True,True,True,0.01833935953056521,0.1366752354369535,False,place,3,False,0.02498961895164319,0.03996475789634765,False,0.08,2.0,0.05,box,0.0,0.18,0.036205113780479796,False,192
reference,8001,True,True,True,True,True,True,0.004740050316249166,0.12468729593431373,False,place,3,False,0.024989511546073154,0.03913548363228497,False,0.08,2.0,0.05,box,0.0,0.18,0.0023956277608145143,False,191
reference,8002,True,True,True,True,True,True,0.007403053632064623,0.1234714286499741,False,place,3,False,0.02498956359622766,0.03941372320520374,False,0.08,2.0,0.05,box,0.0,0.18,0.009961647541405536,False,180
light,8000,True,True,True,True,True,True,0.0033989043349622857,0.11819623002581549,False,place,3,False,0.0249895731804755,0.03952922027222981,False,0.04,2.0,0.05,box,0.0,0.18,0.016923094934229558,False,186
light,8001,True,True,True,True,True,True,0.00451792512107432,0.12109348888570244,False,place,3,False,0.024989553072472054,0.03902630626655999,False,0.04,2.0,0.05,box,0.0,0.18,0.01572018772069946,False,191
light,8002,True,True,True,True,True,True,0.0037049785274152407,0.1242935574976672,False,place,3,False,0.02498934910787564,0.03952323663108768,False,0.04,2.0,0.05,box,0.0,0.18,0.0145587250028658,False,184
heavy,8000,True,True,True,True,True,True,0.010469096915645888,0.12310766051359597,False,place,3,False,0.024989687275693666,0.03952213353829247,False,0.15,2.0,0.05,box,0.0,0.18,0.010015990718139474,False,190
heavy,8001,True,True,True,True,True,True,0.0029920543734808466,0.11607042562156772,False,place,3,False,0.02498946096823443,0.03931529215979547,False,0.15,2.0,0.05,box,0.0,0.18,0.006067050116830192,False,191
heavy,8002,True,True,True,True,True,True,0.005152597205871117,0.12329046410594913,False,place,3,False,0.024988907835036798,0.03941281474632269,False,0.15,2.0,0.05,box,0.0,0.18,0.00957688799663383,False,182
slippery,8000,True,True,True,True,True,True,0.004822650803354738,0.1155152250616595,False,place,3,False,0.024989502856917322,0.03954174503615706,False,0.08,0.5,0.05,box,0.0,0.18,0.0030478929664418683,False,188
slippery,8001,True,True,True,True,True,True,0.009857323725933646,0.12073041809252653,False,place,3,False,0.02498969604748932,0.03950586476772704,False,0.08,0.5,0.05,box,0.0,0.18,0.011833234950780454,False,189
slippery,8002,True,True,True,True,True,True,0.0087717445335313,0.12218795180661782,False,place,3,False,0.024989478522364786,0.0393485844016771,False,0.08,0.5,0.05,box,0.0,0.18,0.005495706332325627,False,179
small,8000,False,False,False,False,True,False,0.36361552756534227,0.015024840689347332,False,place,3,False,0.01998941841924778,0.02444349061429773,False,0.08,2.0,0.04,box,0.0,0.02,9.137430725030228e-07,False,300
small,8001,False,False,False,False,True,False,0.36644602232026346,0.015025091132147393,False,place,3,False,0.01998941841924782,0.024406618523521124,False,0.08,2.0,0.04,box,0.0,0.02,9.137430725030228e-07,False,300
small,8002,False,False,False,False,True,False,0.3159015031188718,0.015031961246546068,False,place,3,False,0.019989418419248183,0.023732240907347976,False,0.08,2.0,0.04,box,0.0,0.02,9.137430725030228e-07,False,300
large,8000,False,True,True,False,False,False,0.021309360097251477,0.00845685347791964,False,place,3,True,0.06035809756460455,0.03104914467274184,False,0.08,2.0,0.06,box,0.0,0.18,0.009200906402950428,False,300
large,8001,False,True,True,False,False,False,0.008131415003967277,0.01299052531144251,False,place,3,True,0.06110183641162852,0.031129437407454344,False,0.08,2.0,0.06,box,0.0,0.18,0.008137163613817062,False,300
large,8002,False,True,True,False,False,False,0.029355088365645668,0.009537072907712989,False,place,3,True,0.06008585413494783,0.03103246653168666,False,0.08,2.0,0.06,box,0.0,0.18,0.01373397874021978,False,300
cylinder,8000,True,True,True,True,True,True,0.00385953550308146,0.1232595363408741,False,place,3,False,0.02498987302615698,0.03926524375567701,False,0.08,2.0,0.05,cylinder,0.0,0.18,0.00927593374655946,False,188
cylinder,8001,True,True,True,True,True,True,0.007345876365758992,0.13325977689181645,False,place,3,False,0.024989805540194438,0.03991154356492972,False,0.08,2.0,0.05,cylinder,0.0,0.18,0.03598172888384737,False,183
cylinder,8002,True,True,True,True,True,True,0.015024581228547176,0.1358343816265812,False,place,3,False,0.024989530109031714,0.039976677269509965,False,0.08,2.0,0.05,cylinder,0.0,0.18,0.024592917373238935,False,183
low_obstacle,8000,True,True,True,True,True,True,0.01833935953056521,0.1366752354369535,False,place,3,False,0.02498961895164319,0.03996475789634765,False,0.08,2.0,0.05,box,0.08,0.18,0.036205113780479796,False,192
low_obstacle,8001,True,True,True,True,True,True,0.004740050316249166,0.12468729593431373,False,place,3,False,0.024989511546073154,0.03913548363228497,False,0.08,2.0,0.05,box,0.08,0.18,0.0023956277608145143,False,191
low_obstacle,8002,True,True,True,True,True,True,0.007403053632064623,0.1234714286499741,False,place,3,False,0.02498956359622766,0.03941372320520374,False,0.08,2.0,0.05,box,0.08,0.18,0.009961647541405536,False,180
blocking_obstacle,8000,False,False,False,True,True,False,0.36361558555566875,0.04593267006898732,False,place,3,False,0.02498959541011867,0.039999999999999536,True,0.08,2.0,0.05,box,0.24,0.025,1.8899690191264415e-08,False,300
blocking_obstacle,8001,False,False,False,True,True,False,0.36644607922387756,0.03940816094497859,False,place,3,False,0.02498959451368323,0.040000000000000015,True,0.08,2.0,0.05,box,0.24,0.025,2.0501290706493273e-08,False,300
blocking_obstacle,8002,False,False,False,True,True,False,0.31590156081666937,0.057191878280225365,False,place,3,False,0.02498959582873843,0.03964545786559072,True,0.08,2.0,0.05,box,0.24,0.025,1.785252008752181e-08,False,300
heavy_slippery,8000,True,True,True,True,True,True,0.00835894420704057,0.12096983976164376,False,place,3,False,0.02498967623329958,0.03956928385276827,False,0.15,0.5,0.05,box,0.0,0.18,0.013496817571344591,False,190
heavy_slippery,8001,True,True,True,True,True,True,0.002121211595428996,0.11417222055531472,False,place,3,False,0.024989721076653346,0.03939839704326931,False,0.15,0.5,0.05,box,0.0,0.18,0.005036456029630179,False,190
heavy_slippery,8002,True,True,True,True,True,True,0.013836960437886296,0.12210342475496164,False,place,3,False,0.024989504153717566,0.03912065219134979,False,0.15,0.5,0.05,box,0.0,0.18,0.01021864855948872,False,180
