case,seed,is_success,grasped,lifted,released,resting,placement_candidate,placement_error_m,reach_distance_m,ground_contact,stage,reward_version,current_grasp,cube_height_m,finger_opening_m,obstacle_contact,mass,friction,size,object_shape,obstacle_height,object_yaw,source_xy,destination_xy,obstacle_offset_xy,obstacle_half_xy,environment_profile,episode_horizon,gripper_yaw_rad,max_held_height_m,ground_slide_distance_m,sliding_failure,collision_failure,steps
reference,54000,True,True,True,True,True,True,0.014889400125475195,0.16475564742107116,False,place,3,False,0.024989032391808174,0.03890066127228933,False,0.08,2.0,0.05,box,0.0,0.0,,,"[0.0, 0.0]","[0.04, 0.04]",yaw_aligned_v3,500,1.5707963267948966,0.18,0.0018906389510783635,False,False,243
reference,54001,True,True,True,True,True,True,0.022070007756177654,0.153530597060739,False,place,3,False,0.024989470735923662,0.0389616318383151,False,0.08,2.0,0.05,box,0.0,0.0,,,"[0.0, 0.0]","[0.04, 0.04]",yaw_aligned_v3,500,1.5707963267948966,0.18,0.002936863663818352,False,False,258
light,54000,True,True,True,True,True,True,0.019279435208772896,0.14811632833016963,False,place,3,False,0.024989430044716904,0.03896025033994582,False,0.04,2.0,0.05,box,0.0,0.0,,,"[0.0, 0.0]","[0.04, 0.04]",yaw_aligned_v3,500,1.5707963267948966,0.18,0.0016267797014233173,False,False,242
light,54001,True,True,True,True,True,True,0.02195475803074295,0.158041857531514,False,place,3,False,0.02498919095858776,0.03895815264305853,False,0.04,2.0,0.05,box,0.0,0.0,,,"[0.0, 0.0]","[0.04, 0.04]",yaw_aligned_v3,500,1.5707963267948966,0.18,0.0034117840369379503,False,False,257
heavy,54000,True,True,True,True,True,True,0.014807130536049127,0.15170657553389266,False,place,3,False,0.02498896668908687,0.038964129819114325,False,0.15,2.0,0.05,box,0.0,0.0,,,"[0.0, 0.0]","[0.04, 0.04]",yaw_aligned_v3,500,1.5707963267948966,0.18,0.003368252613516844,False,False,246
heavy,54001,True,True,True,True,True,True,0.023059052047838896,0.14725164718437006,False,place,3,False,0.024989475491340424,0.03895811091400567,False,0.15,2.0,0.05,box,0.0,0.0,,,"[0.0, 0.0]","[0.04, 0.04]",yaw_aligned_v3,500,1.5707963267948966,0.18,0.004989592460180611,False,False,256
slippery,54000,True,True,True,True,True,True,0.014950762305066664,0.1505021177420336,False,place,3,False,0.024989432179957468,0.03896293090792631,False,0.08,0.5,0.05,box,0.0,0.0,,,"[0.0, 0.0]","[0.04, 0.04]",yaw_aligned_v3,500,1.5707963267948966,0.18,0.006719995922299677,False,False,246
slippery,54001,True,True,True,True,True,True,0.020157756363230132,0.15246498624123328,False,place,3,False,0.024989448977588802,0.03894705358471587,False,0.08,0.5,0.05,box,0.0,0.0,,,"[0.0, 0.0]","[0.04, 0.04]",yaw_aligned_v3,500,1.5707963267948966,0.18,0.003926083379654788,False,False,258
small,54000,True,True,True,True,True,True,0.02178693909786052,0.15183279514276127,False,place,3,False,0.01998917979316608,0.03888158380209938,False,0.08,2.0,0.04,box,0.0,0.0,,,"[0.0, 0.0]","[0.04, 0.04]",yaw_aligned_v3,500,1.5707963267948966,0.18,0.0018777245181441278,False,False,241
small,54001,True,True,True,True,True,True,0.017392390589903616,0.15077479839666025,False,place,3,False,0.019988675991835368,0.03893636409865575,False,0.08,2.0,0.04,box,0.0,0.0,,,"[0.0, 0.0]","[0.04, 0.04]",yaw_aligned_v3,500,1.5707963267948966,0.18,0.008619296730898132,False,False,258
large,54000,True,True,True,True,True,True,0.009586259085734353,0.16490253935511187,False,place,3,False,0.02998939253105979,0.03882894695869372,False,0.08,2.0,0.06,box,0.0,0.0,,,"[0.0, 0.0]","[0.04, 0.04]",yaw_aligned_v3,500,1.5707963267948966,0.18,0.008440991254807207,False,False,239
large,54001,True,True,True,True,True,True,0.015530309454312458,0.15591683326009934,False,place,3,False,0.029989693795429016,0.03895757538720275,False,0.08,2.0,0.06,box,0.0,0.0,,,"[0.0, 0.0]","[0.04, 0.04]",yaw_aligned_v3,500,1.5707963267948966,0.18,0.005568295857171203,False,False,252
cylinder,54000,True,True,True,True,True,True,0.014093965821372475,0.1696195852793876,False,place,3,False,0.02498960567448599,0.038574651757339116,False,0.08,2.0,0.05,cylinder,0.0,0.0,,,"[0.0, 0.0]","[0.04, 0.04]",yaw_aligned_v3,500,1.5707963267948966,0.18,0.013743276936784489,False,False,236
cylinder,54001,True,True,True,True,True,True,0.007140340514183031,0.15490228972109357,False,place,3,False,0.024989394263186138,0.038948379074715406,False,0.08,2.0,0.05,cylinder,0.0,0.0,,,"[0.0, 0.0]","[0.04, 0.04]",yaw_aligned_v3,500,1.5707963267948966,0.18,0.04092430121768462,False,False,264
low_obstacle,54000,True,True,True,True,True,True,0.010332356545324856,0.153225390921426,False,place,3,False,0.024989617017732245,0.03909446698183961,False,0.08,2.0,0.05,box,0.08,0.0,,,"[0.0, 0.0]","[0.04, 0.04]",yaw_aligned_v3,500,1.5707963267948966,0.18,0.017608903906964433,False,False,260
low_obstacle,54001,True,True,True,True,True,True,0.009675244803031795,0.1589858119695944,False,place,3,False,0.024989437334243764,0.03899438704315457,False,0.08,2.0,0.05,box,0.08,0.0,,,"[0.0, 0.0]","[0.04, 0.04]",yaw_aligned_v3,500,1.5707963267948966,0.18,0.007395278277741402,False,False,288
blocking_obstacle,54000,True,True,True,True,True,True,0.020903269689093236,0.15059322271113446,False,place,3,False,0.02498939974380575,0.03899668960951815,False,0.08,2.0,0.05,box,0.24,0.0,,,"[0.0, 0.0]","[0.04, 0.04]",yaw_aligned_v3,500,1.5707963267948966,0.18,0.00847102451638037,False,False,275
blocking_obstacle,54001,True,True,True,True,True,True,0.012419667083092747,0.14806915846242633,False,place,3,False,0.02498948108300348,0.038939859116021464,False,0.08,2.0,0.05,box,0.24,0.0,,,"[0.0, 0.0]","[0.04, 0.04]",yaw_aligned_v3,500,1.5707963267948966,0.18,0.00303374123995442,False,False,292
heavy_slippery,54000,True,True,True,True,True,True,0.015292171781633328,0.15369522942007974,False,place,3,False,0.024989538446296488,0.0389649722414473,False,0.15,0.5,0.05,box,0.0,0.0,,,"[0.0, 0.0]","[0.04, 0.04]",yaw_aligned_v3,500,1.5707963267948966,0.18,0.00458067081828779,False,False,247
heavy_slippery,54001,True,True,True,True,True,True,0.017020311849726008,0.1548177521837463,False,place,3,False,0.024989458838962846,0.03893592305078532,False,0.15,0.5,0.05,box,0.0,0.0,,,"[0.0, 0.0]","[0.04, 0.04]",yaw_aligned_v3,500,1.5707963267948966,0.18,0.0036651673939333313,False,False,257
large_blocking_obstacle,54000,True,True,True,True,True,True,0.01728933890787714,0.1603740263509592,False,place,3,False,0.02998950209780183,0.03893790104277879,False,0.08,2.0,0.06,box,0.24,0.0,,,"[0.0, 0.0]","[0.04, 0.04]",yaw_aligned_v3,500,1.5707963267948966,0.18,0.004678069992542926,False,False,280
large_blocking_obstacle,54001,True,True,True,True,True,True,0.0136460287727722,0.15128786996524277,False,place,3,False,0.029989707533710448,0.03893807917871041,False,0.08,2.0,0.06,box,0.24,0.0,,,"[0.0, 0.0]","[0.04, 0.04]",yaw_aligned_v3,500,1.5707963267948966,0.18,0.006026504830862907,False,False,289
cylinder_blocking_obstacle,54000,True,True,True,True,True,True,0.023459011877474952,0.16100464141483806,False,place,3,False,0.02498877460453008,0.0391776451607847,False,0.08,2.0,0.05,cylinder,0.24,0.0,,,"[0.0, 0.0]","[0.04, 0.04]",yaw_aligned_v3,500,1.5707963267948966,0.18,0.015352836125624233,False,False,278
cylinder_blocking_obstacle,54001,True,True,True,True,True,True,0.028023756591515774,0.15154057992079514,False,place,3,False,0.024989875300447578,0.039989293507550525,False,0.08,2.0,0.05,cylinder,0.24,0.0,,,"[0.0, 0.0]","[0.04, 0.04]",yaw_aligned_v3,500,1.5707963267948966,0.18,0.011555080087946822,False,False,293
wide_left,54000,True,True,True,True,True,True,0.015046149579816403,0.14875360673337823,False,place,3,False,0.024989437163066022,0.03888329085098753,False,0.08,2.0,0.05,box,0.0,0.0,"[0.36, -0.22]","[0.38, 0.25]","[0.0, 0.0]","[0.04, 0.04]",yaw_aligned_v3,500,1.5707963267948966,0.18,0.0018417581790241477,False,False,276
wide_left,54001,True,True,True,True,True,True,0.015046149579816403,0.14875360673337823,False,place,3,False,0.024989437163066022,0.03888329085098753,False,0.08,2.0,0.05,box,0.0,0.0,"[0.36, -0.22]","[0.38, 0.25]","[0.0, 0.0]","[0.04, 0.04]",yaw_aligned_v3,500,1.5707963267948966,0.18,0.0018417581790241477,False,False,276
wide_right,54000,True,True,True,True,True,True,0.022701998181044073,0.15851711892845954,False,place,3,False,0.02498923153969345,0.038978203314305154,False,0.08,2.0,0.05,box,0.0,0.0,"[0.53, -0.2]","[0.52, 0.24]","[0.0, 0.0]","[0.04, 0.04]",yaw_aligned_v3,500,1.5707963267948966,0.18,0.011239459793497714,False,False,276
wide_right,54001,True,True,True,True,True,True,0.022701998181044073,0.15851711892845954,False,place,3,False,0.02498923153969345,0.038978203314305154,False,0.08,2.0,0.05,box,0.0,0.0,"[0.53, -0.2]","[0.52, 0.24]","[0.0, 0.0]","[0.04, 0.04]",yaw_aligned_v3,500,1.5707963267948966,0.18,0.011239459793497714,False,False,276
rotated_small_box,54000,False,True,True,False,False,False,0.2490604672322529,0.016074641240399964,False,place,3,True,0.14659556624184664,0.020894489852671946,False,0.08,2.0,0.04,box,0.0,0.785398,,,"[0.0, 0.0]","[0.04, 0.04]",yaw_aligned_v3,500,-0.7853983267948967,0.18,0.006043360863977054,False,False,500
rotated_small_box,54001,False,True,True,False,False,False,0.13306548342955354,0.018787110338029916,False,place,3,True,0.15587384070171453,0.020980624011223983,False,0.08,2.0,0.04,box,0.0,0.785398,,,"[0.0, 0.0]","[0.04, 0.04]",yaw_aligned_v3,500,-0.7853983267948967,0.18,0.22143645885901098,False,False,500
rotated_large_box,54000,True,True,True,True,True,True,0.011441310749285458,0.14891274102509214,False,place,3,False,0.029988647516376594,0.03895815309229585,False,0.08,2.0,0.06,box,0.0,0.785398,,,"[0.0, 0.0]","[0.04, 0.04]",yaw_aligned_v3,500,-0.7853983267948967,0.18,0.007520779845676256,False,False,250
rotated_large_box,54001,True,True,True,True,True,True,0.011550126431043622,0.1647312058925432,False,place,3,False,0.029989685118769163,0.0389125604983805,False,0.08,2.0,0.06,box,0.0,0.785398,,,"[0.0, 0.0]","[0.04, 0.04]",yaw_aligned_v3,500,-0.7853983267948967,0.18,0.016253262696468984,False,False,257
shifted_obstacle,54000,True,True,True,True,True,True,0.015976878153646953,0.15446721062071503,False,place,3,False,0.024989500447978687,0.038968729683620626,False,0.08,2.0,0.05,box,0.16,0.0,,,"[-0.025, 0.02]","[0.03, 0.045]",yaw_aligned_v3,500,1.5707963267948966,0.18,0.003440521952592038,False,False,285
shifted_obstacle,54001,True,True,True,True,True,True,0.015651131917406885,0.169288899613705,False,place,3,False,0.024989530153239344,0.039721217121600004,False,0.08,2.0,0.05,box,0.16,0.0,,,"[-0.025, 0.02]","[0.03, 0.045]",yaw_aligned_v3,500,1.5707963267948966,0.18,0.0064867583712240745,False,False,285
