time/total_timesteps,rollout/ep_len_mean,eval/success_rate,rollout/success_rate,eval/max_held_height_m,time/iterations,time/fps,time/time_elapsed,rollout/ep_rew_mean,train/clip_fraction,train/loss,train/learning_rate,train/policy_gradient_loss,train/std,train/explained_variance,train/clip_range,train/approx_kl,train/n_updates,train/value_loss,train/entropy_loss
1024,266.6666666666667,1.0,1.0,0.18,1,296,3,88.87901000000001,,,,,,,,,,,
2048,265.14285714285717,,1.0,,2,315,6,88.33419328571429,0.0,53.996639251708984,1e-05,8.29603523015976e-05,0.08208470046520233,0.023900747299194336,0.2,0.00078965933,1,75.85869073867798,4.3242586851119995
3072,270.27272727272725,,1.0,,3,316,9,88.07458472727272,0.001953125,25.932981491088867,1e-05,5.0386530347168446e-05,0.0820840522646904,0.030499279499053955,0.2,0.0010011668,2,105.30129671096802,4.324274837970734
4096,268.8666666666667,,1.0,,4,311,13,88.03520793333334,0.006944444444444444,54.75827407836914,1e-05,-0.0007083179015252325,0.08208226412534714,0.02023303508758545,0.2,0.0006476886,3,81.29335827297635,4.324324766794841
5120,270.44444444444446,,1.0,,5,314,16,88.41655966666666,0.0,62.0640869140625,1e-05,0.0028961822390556335,0.0820801630616188,0.03583812713623047,0.2,0.0005518898,4,104.5229024887085,4.324439573287964
6144,271.1818181818182,,1.0,,6,311,19,88.48932549999999,0.001201923076923077,44.5726203918457,1e-05,0.000473676177744682,0.0820787101984024,0.020748555660247803,0.2,0.0006037635,5,82.09622104351337,4.324522018432617
7168,270.4230769230769,,1.0,,7,312,22,88.27336565384616,0.00234375,52.84263610839844,1e-05,-0.0038623577449470757,0.08207926154136658,0.030520260334014893,0.2,0.0015347113,7,96.93437385559082,4.324545454978943
8192,270.5,,1.0,,8,317,25,88.32834096666667,0.0,44.95498275756836,1e-05,-0.001329234056174755,0.08207954466342926,0.04630255699157715,0.2,0.0005124314,8,93.33149223327636,4.324523878097534
9216,269.9117647058824,,1.0,,9,317,29,88.28579288235295,0.0,46.91561508178711,1e-05,0.0008394011917213599,0.08207914978265762,0.044823288917541504,0.2,0.00072580134,9,92.13207965426975,4.32451687918769
10240,269.86486486486484,1.0,1.0,0.18,10,244,41,88.37969927027028,0.0,84.1832275390625,1e-05,-0.0001624501733617349,0.0820784866809845,0.053350746631622314,0.2,0.0006431757,10,99.51157275113192,4.324544733220881
