case,seed,is_success,grasped,lifted,released,resting,placement_candidate,placement_error_m,reach_distance_m,ground_contact,stage,reward_version,current_grasp,cube_height_m,finger_opening_m,obstacle_contact,mass,friction,size,object_shape,obstacle_height,object_yaw,source_xy,destination_xy,obstacle_offset_xy,obstacle_half_xy,environment_profile,episode_horizon,max_held_height_m,ground_slide_distance_m,sliding_failure,collision_failure,steps
reference,32000,True,True,True,True,True,True,0.007978695801425831,0.1594644790153894,False,place,3,False,0.024989447989243907,0.039848697660871,False,0.08,2.0,0.05,box,0.0,0.0,,,"[0.0, 0.0]","[0.04, 0.04]",quarter_turn_v2,500,0.18,0.002091273723940576,False,False,244
reference,32001,True,True,True,True,True,True,0.005252798928505511,0.15061939923992465,False,place,3,False,0.02498965210122125,0.0399999721095492,False,0.08,2.0,0.05,box,0.0,0.0,,,"[0.0, 0.0]","[0.04, 0.04]",quarter_turn_v2,500,0.18,0.0027115745271376187,False,False,257
light,32000,True,True,True,True,True,True,0.006090924667283887,0.14953804764078704,False,place,3,False,0.024989514935791556,0.03999994998561189,False,0.04,2.0,0.05,box,0.0,0.0,,,"[0.0, 0.0]","[0.04, 0.04]",quarter_turn_v2,500,0.18,0.0015280059612025987,False,False,243
light,32001,True,True,True,True,True,True,0.007585681374607167,0.15926093499303348,False,place,3,False,0.02498947489156686,0.039999973891864715,False,0.04,2.0,0.05,box,0.0,0.0,,,"[0.0, 0.0]","[0.04, 0.04]",quarter_turn_v2,500,0.18,0.001917251605505116,False,False,258
heavy,32000,True,True,True,True,True,True,0.012149206910886843,0.1482114499910586,False,place,3,False,0.02498894513712043,0.039753240342074045,False,0.15,2.0,0.05,box,0.0,0.0,,,"[0.0, 0.0]","[0.04, 0.04]",quarter_turn_v2,500,0.18,0.006684728948950267,False,False,243
heavy,32001,True,True,True,True,True,True,0.010661236193177555,0.15014167643472723,False,place,3,False,0.024989394748851795,0.03999996486890546,False,0.15,2.0,0.05,box,0.0,0.0,,,"[0.0, 0.0]","[0.04, 0.04]",quarter_turn_v2,500,0.18,0.005184373875032395,False,False,256
slippery,32000,True,True,True,True,True,True,0.014169631265602918,0.14829681801259395,False,place,3,False,0.024989247965443145,0.039680609699673276,False,0.08,0.5,0.05,box,0.0,0.0,,,"[0.0, 0.0]","[0.04, 0.04]",quarter_turn_v2,500,0.18,0.006936090916283396,False,False,243
slippery,32001,True,True,True,True,True,True,0.005295622277205481,0.1587300339198717,False,place,3,False,0.024989490543550725,0.03999997393759194,False,0.08,0.5,0.05,box,0.0,0.0,,,"[0.0, 0.0]","[0.04, 0.04]",quarter_turn_v2,500,0.18,0.0016363541741959973,False,False,258
small,32000,True,True,True,True,True,True,0.00637500541913929,0.1565043088440995,False,place,3,False,0.019988968532312145,0.039852831784707596,False,0.08,2.0,0.04,box,0.0,0.0,,,"[0.0, 0.0]","[0.04, 0.04]",quarter_turn_v2,500,0.18,0.0014748226164610842,False,False,245
small,32001,True,True,True,True,True,True,0.018792040656049225,0.14857701689138603,False,place,3,False,0.019989651168502244,0.039037251011119066,False,0.08,2.0,0.04,box,0.0,0.0,,,"[0.0, 0.0]","[0.04, 0.04]",quarter_turn_v2,500,0.18,0.0022071015475083186,False,False,262
large,32000,True,True,True,True,True,True,0.00517839780290817,0.16029620293321936,False,place,3,False,0.029989147245164327,0.039986466363796096,False,0.08,2.0,0.06,box,0.0,0.0,,,"[0.0, 0.0]","[0.04, 0.04]",quarter_turn_v2,500,0.18,0.017368449982411282,False,False,239
large,32001,True,True,True,True,True,True,0.008003584707105063,0.1615157205231192,False,place,3,False,0.029989475263556276,0.039999966725092255,False,0.08,2.0,0.06,box,0.0,0.0,,,"[0.0, 0.0]","[0.04, 0.04]",quarter_turn_v2,500,0.18,0.001452400845925357,False,False,256
cylinder,32000,True,True,True,True,True,True,0.006253186578453584,0.1657042777818336,False,place,3,False,0.024989642876545558,0.03945342372091965,False,0.08,2.0,0.05,cylinder,0.0,0.0,,,"[0.0, 0.0]","[0.04, 0.04]",quarter_turn_v2,500,0.18,0.011311654554493795,False,False,240
cylinder,32001,True,True,True,True,True,True,0.009432845921668544,0.1529663765707245,False,place,3,False,0.02498808374467307,0.039967765429754276,False,0.08,2.0,0.05,cylinder,0.0,0.0,,,"[0.0, 0.0]","[0.04, 0.04]",quarter_turn_v2,500,0.18,0.016248085462731574,False,False,253
low_obstacle,32000,True,True,True,True,True,True,0.007790938594644471,0.15330411008040212,False,place,3,False,0.02498882519792893,0.039875604902996076,False,0.08,2.0,0.05,box,0.08,0.0,,,"[0.0, 0.0]","[0.04, 0.04]",quarter_turn_v2,500,0.18,0.002282799855694342,False,False,282
low_obstacle,32001,True,True,True,True,True,True,0.01717036384926529,0.15208556763403777,False,place,3,False,0.02498952274529658,0.03986688459564562,False,0.08,2.0,0.05,box,0.08,0.0,,,"[0.0, 0.0]","[0.04, 0.04]",quarter_turn_v2,500,0.18,0.007718888758474375,False,False,291
blocking_obstacle,32000,True,True,True,True,True,True,0.018434068005201126,0.14660931750813022,False,place,3,False,0.024989291982276198,0.039853899339707816,False,0.08,2.0,0.05,box,0.24,0.0,,,"[0.0, 0.0]","[0.04, 0.04]",quarter_turn_v2,500,0.18,0.004209785280214211,False,False,285
blocking_obstacle,32001,True,True,True,True,True,True,0.012413069018468082,0.15978213331381105,False,place,3,False,0.02498931497172379,0.03997734923539942,False,0.08,2.0,0.05,box,0.24,0.0,,,"[0.0, 0.0]","[0.04, 0.04]",quarter_turn_v2,500,0.18,0.0009748882457393583,False,False,291
heavy_slippery,32000,True,True,True,True,True,True,0.011623847398517026,0.15009585035620618,False,place,3,False,0.024989339636116905,0.039973143304933734,False,0.15,0.5,0.05,box,0.0,0.0,,,"[0.0, 0.0]","[0.04, 0.04]",quarter_turn_v2,500,0.18,0.0049126168288328165,False,False,243
heavy_slippery,32001,True,True,True,True,True,True,0.010902123940190417,0.1509586673207045,False,place,3,False,0.02498937387185824,0.039999969650568304,False,0.15,0.5,0.05,box,0.0,0.0,,,"[0.0, 0.0]","[0.04, 0.04]",quarter_turn_v2,500,0.18,0.0017184358202616602,False,False,257
large_blocking_obstacle,32000,True,True,True,True,True,True,0.002496041696343393,0.1538244451061541,False,place,3,False,0.029989485296244255,0.03991227996496917,False,0.08,2.0,0.06,box,0.24,0.0,,,"[0.0, 0.0]","[0.04, 0.04]",quarter_turn_v2,500,0.18,0.0034785730996282735,False,False,283
large_blocking_obstacle,32001,True,True,True,True,True,True,0.004194471221594273,0.1585761449939156,False,place,3,False,0.02998935940287197,0.03998092991107003,False,0.08,2.0,0.06,box,0.24,0.0,,,"[0.0, 0.0]","[0.04, 0.04]",quarter_turn_v2,500,0.18,0.009638083577740238,False,False,302
cylinder_blocking_obstacle,32000,False,True,True,False,False,False,0.08085054890598771,0.019674375983836236,False,place,3,True,0.06461090824038539,0.02585364814977953,True,0.08,2.0,0.05,cylinder,0.24,0.0,,,"[0.0, 0.0]","[0.04, 0.04]",quarter_turn_v2,500,0.18,0.0044432075041199,False,True,300
cylinder_blocking_obstacle,32001,False,True,True,False,False,False,0.1173618886644188,0.030795483215935202,False,place,3,True,0.07510161230612372,0.025442907005854103,True,0.08,2.0,0.05,cylinder,0.24,0.0,,,"[0.0, 0.0]","[0.04, 0.04]",quarter_turn_v2,500,0.18,0.01862364336574278,False,True,297
wide_left,32000,False,False,False,True,True,False,0.4704252846359763,0.2590015600548468,False,place,3,False,0.02498959280801294,0.039999718420690125,False,0.08,2.0,0.05,box,0.0,0.0,"[0.36, -0.22]","[0.38, 0.25]","[0.0, 0.0]","[0.04, 0.04]",quarter_turn_v2,500,0.025,2.0357445768595755e-08,False,False,500
wide_left,32001,False,False,False,True,True,False,0.4704252846359763,0.2590015600548468,False,place,3,False,0.02498959280801294,0.039999718420690125,False,0.08,2.0,0.05,box,0.0,0.0,"[0.36, -0.22]","[0.38, 0.25]","[0.0, 0.0]","[0.04, 0.04]",quarter_turn_v2,500,0.025,2.0357445768595755e-08,False,False,500
wide_right,32000,False,False,False,True,True,False,0.4401135344611334,0.18833221983043624,False,place,3,False,0.024989592808012787,0.039999828199649506,False,0.08,2.0,0.05,box,0.0,0.0,"[0.53, -0.2]","[0.52, 0.24]","[0.0, 0.0]","[0.04, 0.04]",quarter_turn_v2,500,0.025,2.0357447221424966e-08,False,False,500
wide_right,32001,False,False,False,True,True,False,0.4401135344611334,0.18833221983043624,False,place,3,False,0.024989592808012787,0.039999828199649506,False,0.08,2.0,0.05,box,0.0,0.0,"[0.53, -0.2]","[0.52, 0.24]","[0.0, 0.0]","[0.04, 0.04]",quarter_turn_v2,500,0.025,2.0357447221424966e-08,False,False,500
rotated_small_box,32000,True,True,True,True,True,True,0.016427824845335316,0.1615344833758661,False,place,3,False,0.019989508797202786,0.039929496979835,False,0.08,2.0,0.04,box,0.0,0.785398,,,"[0.0, 0.0]","[0.04, 0.04]",quarter_turn_v2,500,0.18,0.0020178180810018795,False,False,241
rotated_small_box,32001,True,True,True,True,True,True,0.011861332629312764,0.15606739359885582,False,place,3,False,0.019989473973022205,0.03999996805370112,False,0.08,2.0,0.04,box,0.0,0.785398,,,"[0.0, 0.0]","[0.04, 0.04]",quarter_turn_v2,500,0.18,0.003629681746654251,False,False,256
rotated_large_box,32000,False,True,False,True,True,False,0.32310259522786,0.11707141351655438,False,place,3,False,0.02998967909159463,0.029752035357076562,False,0.08,2.0,0.06,box,0.0,0.785398,,,"[0.0, 0.0]","[0.04, 0.04]",quarter_turn_v2,500,0.03,0.06290600984786061,False,False,500
rotated_large_box,32001,False,True,False,True,True,False,0.36924198411420617,0.4702847216185811,False,place,3,False,0.029989833667439503,0.03636414624745136,False,0.08,2.0,0.06,box,0.0,0.785398,,,"[0.0, 0.0]","[0.04, 0.04]",quarter_turn_v2,500,0.03,1.2736717001883936e-05,False,False,500
shifted_obstacle,32000,True,True,True,True,True,True,0.014121625044612274,0.15425318921755318,False,place,3,False,0.02498943056776235,0.039907980566209554,False,0.08,2.0,0.05,box,0.16,0.0,,,"[-0.025, 0.02]","[0.03, 0.045]",quarter_turn_v2,500,0.18,0.005423837171481397,False,False,293
shifted_obstacle,32001,True,True,True,True,True,True,0.009665404328463826,0.14645112677240046,False,place,3,False,0.0249895081413168,0.03999993625601053,False,0.08,2.0,0.05,box,0.16,0.0,,,"[-0.025, 0.02]","[0.03, 0.045]",quarter_turn_v2,500,0.18,0.00923915783895282,False,False,299
