seed,is_success,grasped,lifted,released,resting,placement_candidate,placement_error_m,reach_distance_m,ground_contact,stage,reward_version,current_grasp,cube_height_m,finger_opening_m,obstacle_contact,mass,friction,size,object_shape,obstacle_height,environment_profile,episode_horizon,max_held_height_m,ground_slide_distance_m,sliding_failure,collision_failure,steps
2000,True,True,True,True,True,True,0.011032870002857898,0.15849446590863306,False,place,3,False,0.029989680396804285,0.03997182786523773,False,0.08,2.0,0.06,box,0.24,quarter_turn_v2,500,0.18,0.015231668169469305,False,False,304
2001,True,True,True,True,True,True,0.010674785379867113,0.16106956155538782,False,place,3,False,0.029989338141707875,0.03997368964004636,False,0.08,2.0,0.06,box,0.24,quarter_turn_v2,500,0.18,0.004857666958119063,False,False,298
2002,True,True,True,True,True,True,0.010283295505476018,0.16199201365095264,False,place,3,False,0.029989389821999016,0.03984687359030851,False,0.08,2.0,0.06,box,0.24,quarter_turn_v2,500,0.18,0.008922204816301375,False,False,266
2003,True,True,True,True,True,True,0.013162739884725565,0.16029983061050831,False,place,3,False,0.029989309049429626,0.03994796650885636,False,0.08,2.0,0.06,box,0.24,quarter_turn_v2,500,0.18,0.016197970574317974,False,False,282
2004,True,True,True,True,True,True,0.010960736203470146,0.15345617471966166,False,place,3,False,0.029989171046239396,0.039944946275891444,False,0.08,2.0,0.06,box,0.24,quarter_turn_v2,500,0.18,0.010371774338471713,False,False,272
2005,True,True,True,True,True,True,0.011506740628839265,0.15131402826409163,False,place,3,False,0.0299894808328343,0.039870787662828186,False,0.08,2.0,0.06,box,0.24,quarter_turn_v2,500,0.18,0.006230945661145802,False,False,277
2006,True,True,True,True,True,True,0.010362220315539796,0.15376796507221271,False,place,3,False,0.029989423003893165,0.039848882462615684,False,0.08,2.0,0.06,box,0.24,quarter_turn_v2,500,0.18,0.002413739626287686,False,False,284
2007,True,True,True,True,True,True,0.012182023636241296,0.1583029014410401,False,place,3,False,0.02998959324483317,0.03991927738148275,False,0.08,2.0,0.06,box,0.24,quarter_turn_v2,500,0.18,0.010945358040687808,False,False,276
2008,True,True,True,True,True,True,0.0073036507901301905,0.1542681247146261,False,place,3,False,0.029989381336692406,0.03999398468638483,False,0.08,2.0,0.06,box,0.24,quarter_turn_v2,500,0.18,0.008730663694933288,False,False,266
2009,True,True,True,True,True,True,0.011912106002874585,0.16209443898697118,False,place,3,False,0.029989437237693053,0.039751282425335044,False,0.08,2.0,0.06,box,0.24,quarter_turn_v2,500,0.18,0.020626874096445244,False,False,269
2010,True,True,True,True,True,True,0.008927459041610419,0.1666244172369783,False,place,3,False,0.029989432062039342,0.039997999214205146,False,0.08,2.0,0.06,box,0.24,quarter_turn_v2,500,0.18,0.003325385840367244,False,False,284
2011,True,True,True,True,True,True,0.008518082739960546,0.15250820166170806,False,place,3,False,0.029989192397988942,0.039999904354458,False,0.08,2.0,0.06,box,0.24,quarter_turn_v2,500,0.18,0.022895850733404076,False,False,270
2012,True,True,True,True,True,True,0.013443426708413583,0.1520855663811679,False,place,3,False,0.02998903085442484,0.03988135522540193,False,0.08,2.0,0.06,box,0.24,quarter_turn_v2,500,0.18,0.018633909538568336,False,False,279
2013,True,True,True,True,True,True,0.01039802406731457,0.1567935876794932,False,place,3,False,0.029989424921607364,0.039959359125738114,False,0.08,2.0,0.06,box,0.24,quarter_turn_v2,500,0.18,0.0016286670634103782,False,False,294
2014,True,True,True,True,True,True,0.012091326221609336,0.15670054422845703,False,place,3,False,0.029989423995642635,0.039536770054041666,False,0.08,2.0,0.06,box,0.24,quarter_turn_v2,500,0.18,0.013635783036809193,False,False,273
2015,True,True,True,True,True,True,0.01027987610904992,0.15012042054926955,False,place,3,False,0.029989205261987176,0.039868576877670786,False,0.08,2.0,0.06,box,0.24,quarter_turn_v2,500,0.18,0.009729675927679132,False,False,298
2016,True,True,True,True,True,True,0.005547585110512286,0.15783263110344442,False,place,3,False,0.02998947452669974,0.03999952279553469,False,0.08,2.0,0.06,box,0.24,quarter_turn_v2,500,0.18,0.0017351131051204088,False,False,286
2017,True,True,True,True,True,True,0.009925457480748134,0.15254173437273658,False,place,3,False,0.029989325348100934,0.039976758541959326,False,0.08,2.0,0.06,box,0.24,quarter_turn_v2,500,0.18,0.010265211584220706,False,False,290
2018,True,True,True,True,True,True,0.002943264739785518,0.1571713168512166,False,place,3,False,0.029989566883204314,0.03976746609478743,False,0.08,2.0,0.06,box,0.24,quarter_turn_v2,500,0.18,0.02224503373940159,False,False,287
2019,True,True,True,True,True,True,0.011951581950028121,0.15331716045971566,False,place,3,False,0.029989414764421032,0.03944861080650142,False,0.08,2.0,0.06,box,0.24,quarter_turn_v2,500,0.18,0.006612743238496029,False,False,290
