seed,target_x,target_y,target_z,success,distance_m,steps,reward,ground_collision,timeout
0,0.4910885061964363,-0.18417062898890377,0.31638940957447786,True,0.04960327426650795,78,-25.996937777860317,False,False
1,0.45354648741007697,0.3603709570607483,0.3576638450878535,False,0.5361121571645022,200,-72.59831826085289,False,True
2,0.3784836402747949,-0.16120708526870137,0.6256902962377121,True,0.04822476669788725,79,-16.447217239636757,False,False
3,0.3256947501430873,-0.21055159472312024,0.6205097860825588,True,0.048131775171042813,142,-23.50257169940258,False,False
4,0.5829168316717103,0.009062042251489266,0.6904974822830816,True,0.049608189857733874,54,-7.70284455453602,False,False
5,0.541500877123614,0.24635263178919498,0.5061302244168567,False,0.5146064711499341,200,-58.440003078674856,False,True
6,0.4614493054415829,-0.12538330414932924,0.4476268959181513,True,0.04869375303258939,78,-21.752142428937987,False,False
7,0.48752863998140006,0.31777104077566043,0.6102742760980774,True,0.04244692870221259,59,-11.391306417164635,False,False
8,0.3980916829816682,0.38982147467034045,0.42748433539420666,False,0.5168496090940798,200,-63.384962218107184,False,True
9,0.5610747611910254,-0.17054623272995573,0.5412592600206247,False,0.2652037066589514,200,-46.641329572003784,False,True
10,0.5868005128886926,-0.2338545519366825,0.6313779541098123,False,0.21856598601387506,200,-52.92083143991497,False,True
11,0.3385710608307599,-0.0005777100479080199,0.540599343049343,True,0.04451075351386451,94,-25.26682253750654,False,False
12,0.3752473374325338,0.35740235428753964,0.3757281538159045,False,0.4621784370108907,200,-62.84591400977731,False,True
13,0.5594392761049759,0.28424201194564724,0.6244093595137368,True,0.04597434814400334,53,-9.67099985141753,False,False
14,0.5492949956667335,-0.11124266653259474,0.5810957222328219,False,0.3121331536688054,200,-45.06557278099289,False,True
15,0.5078230103895457,0.252653689068846,0.43776270311714266,False,0.47726217225855805,200,-58.89721475306046,False,True
16,0.4700750516638095,-0.05540468360785156,0.3376295301846098,True,0.042427924102270545,79,-26.612782431916514,False,False
17,0.5535224378393704,-0.2712215270647145,0.5230978189462768,False,0.15609960410849838,200,-50.03740070069991,False,True
18,0.4197917307652718,0.17393174343057294,0.41232933121440135,True,0.04731404741635586,82,-24.598656472254646,False,False
19,0.4261136387187783,0.340695475853363,0.40954799515931284,False,0.4905346352056407,200,-61.852354026734595,False,True
