case,seed,is_success,grasped,lifted,released,resting,placement_candidate,placement_error_m,reach_distance_m,ground_contact,stage,reward_version,current_grasp,cube_height_m,finger_opening_m,obstacle_contact,mass,friction,size,object_shape,obstacle_height,environment_profile,episode_horizon,max_held_height_m,ground_slide_distance_m,sliding_failure,collision_failure,steps
reference,9000,True,True,True,True,True,True,0.006736053304918689,0.10830122464693882,False,place,3,False,0.02498907974965579,0.039789353174244084,False,0.08,2.0,0.05,box,0.0,obstacle_aware_v1,500,0.18,0.018129127946070203,False,False,277
reference,9001,True,True,True,True,True,True,0.0024685299687967933,0.09828856084532984,False,place,3,False,0.024989476858970405,0.0399981654659287,False,0.08,2.0,0.05,box,0.0,obstacle_aware_v1,500,0.18,0.02771454873820958,False,False,284
reference,9002,True,True,True,True,True,True,0.008549907363438412,0.10965849568427374,False,place,3,False,0.024989767312283893,0.03990918375826337,False,0.08,2.0,0.05,box,0.0,obstacle_aware_v1,500,0.18,0.023683530987853484,False,False,256
light,9000,True,True,True,True,True,True,0.019862636219748736,0.12752865450722595,False,place,3,False,0.024989137540494328,0.03951674476613636,False,0.04,2.0,0.05,box,0.0,obstacle_aware_v1,500,0.18,0.026157610432466828,False,False,262
light,9001,True,True,True,True,True,True,0.010680806154058016,0.10625987042402628,False,place,3,False,0.02498959570558523,0.03997286757139895,False,0.04,2.0,0.05,box,0.0,obstacle_aware_v1,500,0.18,0.011095192386442201,False,False,258
light,9002,True,True,True,True,True,True,0.021937968299827696,0.11892505563862076,False,place,3,False,0.02498926462397259,0.03959941028316723,False,0.04,2.0,0.05,box,0.0,obstacle_aware_v1,500,0.18,0.0463687446161768,False,False,282
heavy,9000,True,True,True,True,True,True,0.005770348718194414,0.10820257082813337,False,place,3,False,0.024989669142358797,0.039809234635252176,False,0.15,2.0,0.05,box,0.0,obstacle_aware_v1,500,0.18,0.011166225147573693,False,False,264
heavy,9001,True,True,True,True,True,True,0.012730752470937573,0.07384985085689774,False,place,3,False,0.024989630267394064,0.03999777743493391,False,0.15,2.0,0.05,box,0.0,obstacle_aware_v1,500,0.18,0.05231753006376008,False,False,307
heavy,9002,True,True,True,True,True,True,0.005917398291093321,0.11988673265941246,False,place,3,False,0.024989696286024037,0.039842375484619566,False,0.15,2.0,0.05,box,0.0,obstacle_aware_v1,500,0.18,0.02683308519511765,False,False,255
slippery,9000,True,True,True,True,True,True,0.012378787906032678,0.11016360840793471,False,place,3,False,0.02498956727770609,0.03987667795755312,False,0.08,0.5,0.05,box,0.0,obstacle_aware_v1,500,0.18,0.027946837288383344,False,False,261
slippery,9001,True,True,True,True,True,True,0.007516926771055856,0.10691403906048001,False,place,3,False,0.024989070179747275,0.0399790831298983,False,0.08,0.5,0.05,box,0.0,obstacle_aware_v1,500,0.18,0.015334052264673995,False,False,275
slippery,9002,True,True,True,True,True,True,0.006572536865904691,0.10998824348072325,False,place,3,False,0.024989392426838453,0.03991709283352397,False,0.08,0.5,0.05,box,0.0,obstacle_aware_v1,500,0.18,0.01821413921977493,False,False,287
small,9000,True,True,True,True,True,True,0.005108539255431953,0.11694846065729461,False,place,3,False,0.019989405321527525,0.039717451871300394,False,0.08,2.0,0.04,box,0.0,obstacle_aware_v1,500,0.18,0.016375030831200368,False,False,264
small,9001,True,True,True,True,True,True,0.008004359485804647,0.1101403143336196,False,place,3,False,0.01998944849006569,0.03999969620998432,False,0.08,2.0,0.04,box,0.0,obstacle_aware_v1,500,0.18,0.008093746756059342,False,False,264
small,9002,True,True,True,True,True,True,0.00484910663802564,0.11450394036399342,False,place,3,False,0.01998935342526051,0.03986584335755054,False,0.08,2.0,0.04,box,0.0,obstacle_aware_v1,500,0.18,0.009604989870208054,False,False,264
large,9000,False,True,True,False,True,False,0.04405868411648559,0.008376460744739531,False,place,3,True,0.03717482131623344,0.0326602700985461,False,0.08,2.0,0.06,box,0.0,obstacle_aware_v1,500,0.18,0.09553803248661828,False,False,500
large,9001,False,True,True,True,True,False,0.053781709152118495,0.15673628622572086,False,place,3,False,0.029988266820265688,0.040000000013853385,False,0.08,2.0,0.06,box,0.0,obstacle_aware_v1,500,0.18,0.1213424627909388,False,False,500
large,9002,True,True,True,True,True,True,0.030055344268547095,0.12439487678175017,False,place,3,False,0.029989585090125826,0.03958872849049165,False,0.08,2.0,0.06,box,0.0,obstacle_aware_v1,500,0.18,0.02772191120937839,False,False,252
cylinder,9000,True,True,True,True,True,True,0.025582342801227634,0.10441485465942392,False,place,3,False,0.02498937261540355,0.03997763406827358,False,0.08,2.0,0.05,cylinder,0.0,obstacle_aware_v1,500,0.18,0.024231142252343792,False,False,264
cylinder,9001,True,True,True,True,True,True,0.01938580104740212,0.0487558409109655,False,place,3,False,0.024989517772215565,0.03999985057602348,False,0.08,2.0,0.05,cylinder,0.0,obstacle_aware_v1,500,0.18,0.04147780575614065,False,False,276
cylinder,9002,True,True,True,True,True,True,0.01581935022758305,0.07056016405613118,False,place,3,False,0.024989830523789232,0.039793559973323775,False,0.08,2.0,0.05,cylinder,0.0,obstacle_aware_v1,500,0.18,0.07602693471897269,False,False,279
low_obstacle,9000,False,True,False,True,True,False,0.36619387117881474,0.10984259217804608,False,place,3,False,0.024989687323124246,0.02737236208172774,False,0.08,2.0,0.05,box,0.08,obstacle_aware_v1,500,0.026437333535840532,0.029162501105446076,False,False,500
low_obstacle,9001,True,True,True,True,True,True,0.008884008976723477,0.1187975605031406,False,place,3,False,0.024989676936185343,0.03940036074289212,False,0.08,2.0,0.05,box,0.08,obstacle_aware_v1,500,0.18,0.03217983841294794,False,False,292
low_obstacle,9002,True,True,True,True,True,True,0.010252777989673457,0.10904224432717217,False,place,3,False,0.02498946567105239,0.03961276262853081,False,0.08,2.0,0.05,box,0.08,obstacle_aware_v1,500,0.18,0.013995219630795903,False,False,292
blocking_obstacle,9000,False,True,False,False,True,False,0.36918957283204246,0.0800623050241931,False,place,3,False,0.02498962327333514,0.018661955049831175,True,0.08,2.0,0.05,box,0.24,obstacle_aware_v1,500,0.026417773340654052,0.01756130129083726,False,True,131
blocking_obstacle,9001,True,True,True,True,True,True,0.020504177058098882,0.10334071064303914,False,place,3,False,0.0249894355975271,0.039860634425521194,False,0.08,2.0,0.05,box,0.24,obstacle_aware_v1,500,0.18,0.07337920434450641,False,False,334
blocking_obstacle,9002,True,True,True,True,True,True,0.010412826911625124,0.11289032129835196,False,place,3,False,0.02498967081122578,0.039510233554691035,False,0.08,2.0,0.05,box,0.24,obstacle_aware_v1,500,0.18,0.011916463614287985,False,False,300
heavy_slippery,9000,True,True,True,True,True,True,0.01516763693705971,0.11399968800164487,False,place,3,False,0.024989604897824688,0.03978934337267663,False,0.15,0.5,0.05,box,0.0,obstacle_aware_v1,500,0.18,0.02197889817379275,False,False,271
heavy_slippery,9001,False,True,True,False,True,False,0.0965249869780555,0.011999077986544367,False,place,3,True,0.025901141953663453,0.02598897919561956,False,0.15,0.5,0.05,box,0.0,obstacle_aware_v1,500,0.18,0.13153318643481413,False,False,500
heavy_slippery,9002,True,True,True,True,True,True,0.014732294392290252,0.11675273763708016,False,place,3,False,0.024988980132168735,0.039901375750949195,False,0.15,0.5,0.05,box,0.0,obstacle_aware_v1,500,0.18,0.03615058708049883,False,False,300
