seed,is_success,grasped,lifted,released,resting,placement_candidate,placement_error_m,reach_distance_m,ground_contact,stage,reward_version,current_grasp,cube_height_m,finger_opening_m,max_held_height_m,ground_slide_distance_m,sliding_failure,steps
3000,True,True,True,False,False,False,0.33543957199183005,0.011794570962988622,False,lift,3,True,0.19930903904952613,0.025794179533713588,0.18,0.0007333315552242133,False,29
3001,True,True,True,False,False,False,0.3718004656717839,0.012677185462344438,False,lift,3,True,0.1985591899797514,0.025789438143100946,0.18,0.0071197939958783174,False,29
3002,True,True,True,False,False,False,0.3385824276269318,0.011776595280759864,False,lift,3,True,0.19959578045809218,0.025788891424135076,0.18,0.0006938857878749009,False,29
3003,True,True,True,False,False,False,0.3297528491103994,0.011660829206196472,False,lift,3,True,0.20014493914897713,0.025790791902666137,0.18,0.0006867903666607047,False,29
3004,True,True,True,False,False,False,0.33977723812152955,0.011848955967833984,False,lift,3,True,0.19977130753633918,0.025897280606695793,0.18,0.00392354864428423,False,29
3005,True,True,True,False,False,False,0.32839876694828496,0.011765263420805116,False,lift,3,True,0.20005625048399978,0.025788943763528034,0.18,0.000536500122592517,False,29
3006,True,True,True,False,False,False,0.35436823209684754,0.011520083266214537,False,lift,3,True,0.2000526942593126,0.025945801362939044,0.18,0.0016349687020803436,False,29
3007,True,True,True,False,False,False,0.33947922376663175,0.011782035033476565,False,lift,3,True,0.19983976812076637,0.025895952721887362,0.18,0.0025290979670929284,False,29
3008,True,True,True,False,False,False,0.34944445501422067,0.011841198638291514,False,lift,3,True,0.19978943199533378,0.025899227766193612,0.18,0.0032925897064661268,False,29
3009,True,True,True,False,False,False,0.1762984452177061,0.012474771727328844,False,lift,3,True,0.19967654610459398,0.025795738025909617,0.18,0.02885286491175154,False,29
3010,True,True,True,False,False,False,0.34299369428259696,0.011575363855669573,False,lift,3,True,0.19987269450985592,0.025885548895938804,0.18,0.001888387972922539,False,29
3011,True,True,True,False,False,False,0.36258041143838854,0.011042359870309588,False,lift,3,True,0.2008429825732186,0.02579679519853659,0.18,0.004286912658822426,False,29
3012,True,True,True,False,False,False,0.3711020350266261,0.011688704853054649,False,lift,3,True,0.20009462103002246,0.02600281495844546,0.18,0.004570875870843546,False,29
3013,True,True,True,False,False,False,0.34718520625666005,0.011861419470757348,False,lift,3,True,0.1996227882902451,0.025789490228752564,0.18,0.002939372529566965,False,29
3014,True,True,True,False,False,False,0.3913760843575417,0.011200624579026836,False,lift,3,True,0.19979953357006172,0.0260378396313201,0.18,0.0016901051863809887,False,29
3015,True,True,True,False,False,False,0.34117138935853497,0.011124384237926407,False,lift,3,True,0.19993250781206023,0.026005425296936793,0.18,0.0026908712128640897,False,29
3016,True,True,True,False,False,False,0.343764766789662,0.011195175583818159,False,lift,3,True,0.20003684628822652,0.025996276233661256,0.18,0.00452062663302779,False,29
3017,True,True,True,False,False,False,0.3075732304493557,0.011790726812605757,False,lift,3,True,0.1997083585415515,0.025794168792348533,0.18,0.0006468807491138074,False,29
3018,True,True,True,False,False,False,0.32849553694877975,0.011780422679914622,False,lift,3,True,0.19966516682670535,0.0257941480637592,0.18,0.0004698371275160165,False,29
3019,True,True,True,False,False,False,0.31905088115863894,0.010950049147078459,False,lift,3,True,0.20108765114078728,0.025803441227139706,0.18,0.0018892501345494038,False,29
3020,True,True,True,False,False,False,0.30893875179008995,0.011779795144332887,False,lift,3,True,0.1992939829815659,0.025794098008383722,0.18,0.0006326959072201311,False,29
3021,True,True,True,False,False,False,0.3508901001541415,0.011813495641216214,False,lift,3,True,0.19912803984880373,0.025794246567277912,0.18,0.0009889415238175721,False,29
3022,True,True,True,False,False,False,0.31104570651024127,0.011801892011120634,False,lift,3,True,0.19975097059468955,0.02579417684174811,0.18,0.0008977044308179569,False,29
3023,True,True,True,False,False,False,0.390339560609918,0.01169706763103188,False,lift,3,True,0.2006717226484674,0.02593042225901361,0.18,0.0063932217801962905,False,29
3024,True,True,True,False,False,False,0.3383265835091782,0.011693251638889438,False,lift,3,True,0.1993665018288701,0.026023380278009395,0.18,0.001769827344922138,False,29
3025,True,True,True,False,False,False,0.39746702347185703,0.011889782226186031,False,lift,3,True,0.19966920704842625,0.02604325699077257,0.18,0.00950828490210449,False,29
3026,True,True,True,False,False,False,0.4150259940395444,0.011095384439668494,False,lift,3,True,0.20046940401834576,0.026009057845498992,0.18,0.00900018429412043,False,29
3027,True,True,True,False,False,False,0.3493119632308383,0.011806155302988348,False,lift,3,True,0.19916514263089607,0.025794249305196533,0.18,0.0007826950180958645,False,29
3028,True,True,True,False,False,False,0.35290717206183814,0.011397613507340962,False,lift,3,True,0.20019801631828094,0.025927548872110108,0.18,0.0022795057366065976,False,29
3029,True,True,True,False,False,False,0.3908196876128371,0.01145988738446222,False,lift,3,True,0.199900293677199,0.026066263632719515,0.18,0.002951165302126647,False,29
3030,True,True,True,False,False,False,0.3586601527034223,0.011065994961462189,False,lift,3,True,0.20129706904439118,0.025871739643455505,0.18,0.004040586730034756,False,29
3031,True,True,True,False,False,False,0.37437650696974745,0.011228537436196676,False,lift,3,True,0.19987083400669564,0.026117026815809276,0.18,0.0021240888897019142,False,29
3032,True,True,True,False,False,False,0.2660397485124486,0.010439441659415016,False,lift,3,True,0.20205953374936397,0.025912255009091632,0.18,0.03468717459664449,False,29
3033,True,True,True,False,False,False,0.3559758458368858,0.01154126573270034,False,lift,3,True,0.19975578504294436,0.025914625969644778,0.18,0.0026865306989419632,False,29
3034,True,True,True,False,False,False,0.35561747960972945,0.011601054436843639,False,lift,3,True,0.20012327181726206,0.025910452092253906,0.18,0.00278081158480295,False,29
3035,True,True,True,False,False,False,0.3559364169447472,0.011484515775402071,False,lift,3,True,0.20008443097208592,0.026047472846365268,0.18,0.0026353334530748594,False,29
3036,True,True,True,False,False,False,0.34695507880548276,0.011112707014632888,False,lift,3,True,0.2012555932317053,0.025814568999745068,0.18,0.004165644059876463,False,29
3037,True,True,True,False,False,False,0.30921023211353077,0.011799624045253103,False,lift,3,True,0.19959932035278438,0.02579415693954007,0.18,0.0009453949021162786,False,29
3038,True,True,True,False,False,False,0.3341645235179156,0.011908318647509818,False,lift,3,True,0.19865129866810152,0.025789461825802072,0.18,0.0008970391552681822,False,29
3039,True,True,True,False,False,False,0.29477491446026205,0.011798769042372056,False,lift,3,True,0.19980622760375222,0.0257941697074654,0.18,0.0008478590573723233,False,29
3040,True,True,True,False,False,False,0.309747036391273,0.011796230058802547,False,lift,3,True,0.19973464770290592,0.025794172765891816,0.18,0.0007900522412483613,False,29
3041,True,True,True,False,False,False,0.34596381378507957,0.011793384203216612,False,lift,3,True,0.1995841578697405,0.02579420067666517,0.18,0.000618633244265143,False,29
3042,True,True,True,False,False,False,0.3625809589679638,0.01152197402818521,False,lift,3,True,0.20051424020750838,0.026005446617521674,0.18,0.004404815181801848,False,29
3043,True,True,True,False,False,False,0.32444606731637327,0.011776108978135504,False,lift,3,True,0.19978104123638854,0.025794142928023272,0.18,0.0003981438337560325,False,29
3044,True,True,True,False,False,False,0.33448381119265197,0.01170882283038062,False,lift,3,True,0.1990964432578607,0.025951251951136962,0.18,0.0011243647162510841,False,29
3045,True,True,True,False,False,False,0.28966105945044485,0.011520432357231214,False,lift,3,True,0.1997210414572623,0.026047973220771896,0.18,0.0019234954827530549,False,29
3046,True,True,True,False,False,False,0.3366858523823095,0.010986066309832832,False,lift,3,True,0.2003714326375569,0.025932660531245627,0.18,0.0016394874729589093,False,29
3047,True,True,True,False,False,False,0.3584643220794191,0.011043632517151104,False,lift,3,True,0.2010573278242873,0.025841501291386945,0.18,0.0024178131033560837,False,29
3048,True,True,True,False,False,False,0.39973280846389836,0.01181556613800713,False,lift,3,True,0.20052393594296627,0.0258015866275242,0.18,0.009298404034675418,False,29
3049,True,True,True,False,False,False,0.334770138345768,0.011514090593765873,False,lift,3,True,0.19944823992479083,0.026040400881739235,0.18,0.0013582159345631147,False,29
