time/fps,eval/mean_distance,rollout/success_rate,time/time_elapsed,rollout/ep_len_mean,time/iterations,time/total_timesteps,rollout/ep_rew_mean,eval/success_rate,train/policy_gradient_loss,train/std,train/explained_variance,train/clip_fraction,train/n_updates,train/learning_rate,train/loss,train/entropy_loss,train/approx_kl,train/clip_range,train/value_loss
821,0.1577260508466331,0.6,2,126.09,1,452048,-31.331124590000005,0.75,,,,,,,,,,,
615,,0.63,6,122.28,2,454096,-28.583754700000004,,-0.0052057882014196364,0.5701849460601807,0.7602800279855728,0.223681640625,2200,0.0003,0.0950339064002037,-5.930409941077232,0.021220967,0.2,1.5823131646960973
602,,0.62,10,126.75,3,456144,-28.222539729999998,,-0.010031527052342426,0.5660040974617004,0.6809237897396088,0.22841796875,2210,0.0003,0.7455298900604248,-5.903500500321388,0.017099295,0.2,3.6081689052283763
568,,0.6,14,128.88,4,458192,-27.742860910000005,,-0.010476560186361894,0.5647785663604736,0.6485227942466736,0.195458984375,2220,0.0003,1.044621229171753,-5.877689225971698,0.020965457,0.2,3.8448506124317645
489,0.14868704697071106,0.61,20,126.68,5,460240,-26.508810429999997,0.75,-0.012844794074771926,0.5637848377227783,0.8031010031700134,0.219189453125,2230,0.0003,0.654650866985321,-5.861966802179813,0.017098395,0.2,3.9084474723786116
500,,0.6,24,128.42,6,462288,-26.02373761,,-0.013088592096755747,0.5603085160255432,0.8073007017374039,0.2302734375,2240,0.0003,1.7358953952789307,-5.836885060369968,0.020250697,0.2,3.350100098364055
504,,0.67,28,118.2,7,464336,-22.82626303,,-0.005913548293028726,0.5598419308662415,0.8266535252332687,0.210400390625,2250,0.0003,1.9015436172485352,-5.813839256763458,0.014885897,0.2,3.1867017187178135
512,,0.64,31,121.73,8,466384,-23.922466229999994,,-0.01078840212576324,0.558047890663147,0.8224684447050095,0.23466796875,2260,0.0003,0.7974201440811157,-5.7976586148142815,0.021454418,0.2,3.8464737948030234
521,,0.6,35,124.54,9,468432,-25.135425459999997,,-0.011469036478956696,0.5594245791435242,0.7743104100227356,0.230029296875,2270,0.0003,1.0404149293899536,-5.79433796107769,0.017034926,0.2,2.8820794043131173
498,0.1746022026914231,0.54,41,132.48,10,470480,-27.28569806,0.65,-0.008905234973644838,0.5588679909706116,0.69066122174263,0.217724609375,2280,0.0003,0.8312802910804749,-5.800268295407295,0.02186221,0.2,3.0013189120218158
502,,0.57,44,129.34,11,472528,-26.675401830000002,,-0.004996046523592668,0.5587233901023865,0.7106638848781586,0.2716796875,2290,0.0003,0.6257426142692566,-5.788972663879394,0.030660897,0.2,1.7990616866853089
508,,0.56,48,131.97,12,474576,-27.110147270000002,,-0.008612449835345615,0.5582935214042664,0.7474343776702881,0.240234375,2300,0.0003,0.21468621492385864,-5.7820005178451535,0.020932965,0.2,3.5027275489643217
514,,0.54,51,135.27,13,476624,-27.764731060000003,,-0.00534157437941758,0.55414217710495,0.8406582772731781,0.250927734375,2310,0.0003,0.7596597671508789,-5.753373254835606,0.023445252,0.2,2.1438328196294605
519,,0.48,55,142.78,14,478672,-30.37952888,,-0.009131241899740416,0.5525177717208862,0.7692716121673584,0.209521484375,2320,0.0003,1.5418334007263184,-5.718000604212284,0.0193299,0.2,3.133842611219734
502,0.14015302311983618,0.49,61,141.39,15,480720,-30.0323835,0.7,-0.006940086978283943,0.5504754185676575,0.7433876097202301,0.219482421875,2330,0.0003,0.380390465259552,-5.690860106050968,0.02481358,0.2,2.018761387234554
504,,0.54,64,135.87,16,482768,-28.699502179999996,,-0.012473007333755958,0.5525041818618774,0.8004469722509384,0.2134765625,2340,0.0003,1.3764206171035767,-5.691056217253208,0.018080622,0.2,3.800420256704092
505,,0.56,68,133.21,17,484816,-28.190996840000004,,-0.00603551357780816,0.5509271025657654,0.7719262391328812,0.19697265625,2350,0.0003,1.0265134572982788,-5.692527537047863,0.016260974,0.2,4.013945666141808
499,,0.6,73,128.02,18,486864,-26.022008669999995,,-0.00428265272785211,0.5474309325218201,0.8120508044958115,0.21708984375,2360,0.0003,1.0115187168121338,-5.658439980447293,0.0150724575,0.2,4.591633757203818
497,,0.64,78,120.92,19,488912,-24.074880240000002,,-0.005158872979518492,0.5473775863647461,0.8522958308458328,0.233203125,2370,0.0003,0.556882381439209,-5.638582009077072,0.02111534,0.2,2.831387154106051
479,0.12219421366495706,0.66,85,119.74,20,490960,-23.832631020000004,0.75,-0.011284942339989357,0.5516297221183777,0.8274050503969193,0.237939453125,2380,0.0003,0.32856807112693787,-5.662265242636204,0.031772584,0.2,2.2634596798568962
482,,0.66,89,121.03,21,493008,-23.883743159999998,,-0.007899225346773165,0.5495469570159912,0.7174191772937775,0.227978515625,2390,0.0003,1.212580919265747,-5.677410075068474,0.01861071,0.2,3.528695211093873
486,,0.65,92,121.67,22,495056,-23.666161539999997,,-0.005701032180513721,0.5483691692352295,0.8101798892021179,0.21103515625,2400,0.0003,0.994205117225647,-5.665122869610786,0.021531098,0.2,3.8800769757479427
489,,0.62,96,125.18,23,497104,-24.27774243,,-0.0011094389636127743,0.5483339428901672,0.8076931834220886,0.2220703125,2410,0.0003,1.2491660118103027,-5.662476015090943,0.027179958,0.2,2.9280972021631895
491,,0.63,99,124.26,24,499152,-24.45823192,,-0.00998999443545472,0.548960268497467,0.7560084611177444,0.203662109375,2420,0.0003,3.786389112472534,-5.666894334554672,0.016766952,0.2,5.776705018430948
479,0.15207577707202238,0.56,106,132.57,25,501200,-27.03006739000001,0.6,-0.009347383267595433,0.5487431883811951,0.8394608944654465,0.234375,2430,0.0003,1.241546630859375,-5.670324859023094,0.023928426,0.2,4.882535720989108
478,,0.55,111,136.16,26,503248,-27.920630959999993,,-0.0061261520182597454,0.549647331237793,0.8091952353715897,0.27001953125,2440,0.0003,0.36052995920181274,-5.674382193386554,0.025193645,0.2,2.0523732766509055
475,,0.58,116,134.29,27,505296,-27.362708480000006,,-0.008491274843254359,0.5476731061935425,0.7332258820533752,0.212890625,2450,0.0003,0.6046317219734192,-5.671686831116676,0.015241607,0.2,5.276554589718581
472,,0.59,121,133.51,28,507344,-27.14145673,,-0.009321030040155165,0.5451278686523438,0.7879548519849777,0.27294921875,2460,0.0003,0.8795060515403748,-5.637115454673767,0.025212215,0.2,3.587032057531178
471,,0.62,126,130.12,29,509392,-26.40724083,,-0.007816923955397214,0.5441218614578247,0.8191465735435486,0.231689453125,2470,0.0003,0.7246281504631042,-5.618478484451771,0.019801063,0.2,3.2448355032131078
446,0.11039245637634745,0.61,137,129.86,30,511440,-26.038081759999997,0.7,-0.0081309087741829,0.5415756702423096,0.830385684967041,0.232666015625,2480,0.0003,1.1923151016235352,-5.597133369743824,0.0189674,0.2,5.646023458614946
439,,0.6,144,131.33,31,513488,-26.5178314,,-0.006258686312503414,0.5411224961280823,0.9016511291265488,0.237939453125,2490,0.0003,2.281667470932007,-5.577111291885376,0.020681484,0.2,3.208598063699901
437,,0.63,149,125.95,32,515536,-24.687251879999998,,-0.0021146232596947812,0.5444348454475403,0.904866948723793,0.281396484375,2500,0.0003,0.45637187361717224,-5.592960146069527,0.022576485,0.2,2.4296206551603974
439,,0.67,153,119.62,33,517584,-22.513268309999997,,-0.00892900616163388,0.5453308820724487,0.8216456323862076,0.222900390625,2510,0.0003,0.5137094259262085,-5.619642879068851,0.022103775,0.2,4.113069311063737
425,,0.67,163,119.42,34,519632,-22.672310750000005,,-0.008375074432115071,0.5417436957359314,0.8496835827827454,0.24599609375,2520,0.0003,0.9032716751098633,-5.596751075983048,0.022175714,0.2,3.262600925005972
430,0.09242721027080654,0.74,166,111.85,35,521680,-20.142223809999997,0.85,-0.004895996366394683,0.5423288345336914,0.8202638775110245,0.264013671875,2530,0.0003,0.5660713315010071,-5.579817707836628,0.026418377,0.2,2.219504770729691
438,,0.73,168,114.25,36,523728,-21.268256499999996,,-0.006758206771337427,0.5430508852005005,0.8447529226541519,0.207421875,2540,0.0003,0.3181508779525757,-5.5930150002241135,0.01913054,0.2,2.822443443723023
446,,0.76,169,112.98,37,525776,-20.24815011,,-0.007977589246002026,0.5421519875526428,0.8266229778528214,0.224755859375,2550,0.0003,1.3499094247817993,-5.5870889753103254,0.021436747,0.2,2.9645516999997197
455,,0.74,170,117.57,38,527824,-21.61790687,,-0.0063325321229058314,0.541342556476593,0.8130620419979095,0.219873046875,2560,0.0003,1.5550260543823242,-5.578806729614735,0.015816879,0.2,3.982770883105695
462,,0.66,172,128.27,39,529872,-24.672975790000006,,-0.010756268510886003,0.5419734120368958,0.7344143390655518,0.223388671875,2570,0.0003,0.8269407749176025,-5.587021853029728,0.021489881,0.2,2.6381854927167296
467,0.1300909934898712,0.63,175,133.85,40,531920,-26.055308790000005,0.75,-0.008311822180985473,0.5418630242347717,0.8699744194746017,0.236279296875,2580,0.0003,0.4784691333770752,-5.5890333816409115,0.014789117,0.2,3.0057018929161132
474,,0.64,176,131.16,41,533968,-25.629685299999995,,-0.006768855813425035,0.5407283902168274,0.87568449229002,0.266455078125,2590,0.0003,2.1413536071777344,-5.580599372088909,0.022424536,0.2,2.980907310731709
482,,0.59,178,137.47,42,536016,-27.525407719999997,,-0.009165180497075199,0.5412253141403198,0.8371271342039108,0.238818359375,2600,0.0003,0.7859793901443481,-5.577209536731243,0.021071646,0.2,4.12246857509017
489,,0.63,180,133.48,43,538064,-27.042805079999997,,-0.00986395918444032,0.5416819453239441,0.8501926362514496,0.279052734375,2610,0.0003,0.7718744874000549,-5.577181829512119,0.02513121,0.2,2.687159753777087
493,0.08020611120768613,0.61,182,135.19,44,540112,-27.98291749,0.85,-0.004798488088999875,0.5409859418869019,0.9257480204105377,0.23603515625,2620,0.0003,0.6623682379722595,-5.575634837150574,0.020077037,0.2,3.5576197797432543
500,,0.64,183,129.24,45,542160,-26.435796800000002,,-0.01055485829419922,0.5420665740966797,0.753198117017746,0.26279296875,2630,0.0003,0.6559181809425354,-5.579090613126755,0.022954155,0.2,3.2598825154826043
507,,0.65,185,125.94,46,544208,-25.557927460000002,,-0.012054038215137553,0.5417578816413879,0.8240161389112473,0.26669921875,2640,0.0003,0.8765938878059387,-5.581756487488747,0.035636365,0.2,2.5118570478633044
514,,0.66,187,123.07,47,546256,-24.991084769999997,,-0.007521253805316519,0.5435723662376404,0.830224335193634,0.242822265625,2650,0.0003,0.8641483783721924,-5.595343324542045,0.02268904,0.2,2.5832811632193624
521,,0.66,188,120.81,48,548304,-24.85422349,,-0.010006579758919543,0.5441682934761047,0.8659545183181763,0.26650390625,2660,0.0003,0.5113843083381653,-5.613010600209236,0.024798898,0.2,2.4519810389727352
524,0.08663695669844215,0.66,191,121.13,49,550352,-24.242232939999997,0.8,-0.0065644555856124494,0.5457845330238342,0.8932722806930542,0.2787109375,2670,0.0003,0.15639850497245789,-5.61805075109005,0.024108384,0.2,1.0728807825129478
