seed,target_x,target_y,target_z,success,distance_m,steps,reward,ground_collision,timeout,initial_distance_m,closest_distance_m,action_saturation_fraction,joint_limit_fraction,stationary_distance_fraction
2000,0.47254089565729085,0.1251396874343096,0.3108150815756991,False,0.6073888513466347,200,-65.2278027987795,False,True,1.0863763691175246,0.06273367841199741,1.0,0.495,0.0
2001,0.42710094074860727,-0.23702038857665164,0.4900401020869657,True,0.04626776811995617,77,-19.499030878432293,False,False,0.9296297318271322,0.04626776811995617,1.0,0.0,0.0
2002,0.5666278072059053,0.36856898202446053,0.5632450445484527,False,0.8851132349708958,200,-72.59067571807871,False,True,0.985942362657589,0.0658058886788256,1.0,0.5,0.0
2003,0.3883889248685496,0.30492713767053237,0.5605383132183828,True,0.04633003283500347,73,-16.96590970167113,False,False,0.8734366367213597,0.04633003283500347,1.0,0.0,0.0
2004,0.49206090495294896,-0.16727497680218467,0.6665091495737726,True,0.04937768612545244,62,-9.746288226735519,False,False,0.8048005077691582,0.04937768612545244,1.0,0.0,0.0
2005,0.5153241006641843,-0.012903281756379836,0.6220307863290118,False,0.6402473761793234,200,-51.17468311298418,False,True,0.8366396165443668,0.0631752810124674,1.0,0.505,0.01
2006,0.561592909750944,0.047257296859507136,0.42106431462758837,True,0.049327558493711635,69,-19.88157517006812,False,False,1.0281581742930048,0.049327558493711635,1.0,0.0,0.0
2007,0.5279615645338577,-0.014164291133671292,0.3867063355887137,True,0.048848807571036615,74,-22.68713924806548,False,False,1.0386073362799035,0.048848807571036615,1.0,0.0,0.0
2008,0.5685472531016033,0.1487616231211749,0.6387312846632113,False,0.7557196961504845,200,-58.92774927165346,False,True,0.8705659666116685,0.060701926122287454,1.0,0.505,0.005
2009,0.3635873267127593,0.08116503234714428,0.6943246838431959,True,0.049243351234856035,83,-15.041969709341547,False,False,0.6949614616719628,0.049243351234856035,1.0,0.0,0.0
2010,0.3730473736139279,0.06745551074991152,0.4284465235522183,False,0.5737188488752175,200,-57.62824336804779,False,True,0.9330391305264446,0.0740473512082902,1.0,0.505,0.005
2011,0.524250000275716,-0.1984816145855578,0.5731044960088767,True,0.04484249709034419,64,-12.984468023709484,False,False,0.9029668092954612,0.04484249709034419,1.0,0.0,0.0
2012,0.37134563828801914,-0.3414211812517917,0.44291745220387296,True,0.04724460296345314,76,-21.493727189249388,False,False,0.9781862619178864,0.04724460296345314,1.0,0.0,0.0
2013,0.3813403434452003,-0.19053915559676834,0.3785843959980644,True,0.04534581674669875,90,-28.22059468808135,False,False,0.9980378498340714,0.04534581674669875,1.0,0.0,0.0
2014,0.5755752084343992,0.1714005821833975,0.4062290253705601,False,0.730305318099993,200,-65.28113537620752,False,True,1.0610792798798088,0.05234927836533393,1.0,0.495,0.03
2015,0.45122166139486874,-0.22208390171610867,0.608571128855034,True,0.04761075826579901,68,-13.067142625335263,False,False,0.8396921065864712,0.04761075826579901,1.0,0.0,0.0
2016,0.5901566550283316,-0.12825929566044697,0.4022662342162164,False,0.5141734492490572,200,-57.0919611718655,False,True,1.0662590471018456,0.05006675377877619,1.0,0.505,0.01
2017,0.5825781884435847,0.02781129052583503,0.6260940206575724,False,0.7013561334701983,200,-56.78665734385925,False,True,0.8769678758706495,0.061690137875807856,1.0,0.505,0.01
2018,0.4462209877538992,-0.25660538614926376,0.6642457932319749,True,0.04911333857526143,62,-10.13794249464805,False,False,0.8033338320275317,0.04911333857526143,1.0,0.0,0.0
2019,0.343409891913584,-0.04622912325185957,0.4361170110761239,False,0.5522481898059961,200,-58.88708364736918,False,True,0.9131783783433546,0.06718666582125916,1.0,0.505,0.015
2020,0.440492262996686,0.011473784916325225,0.6455953125549635,False,0.6204929288453932,200,-49.745111911450614,False,True,0.773242651647713,0.06164046435085066,1.0,0.505,0.005
2021,0.5270843483804002,0.353105493168959,0.5369852140232232,False,0.82893379272602,200,-66.22539109941508,False,True,0.9777829009365507,0.0565726747353927,1.0,0.5,0.01
2022,0.3742278190357798,-0.3256079506596109,0.5447053492244773,True,0.04907503796562142,72,-16.99949115132808,False,False,0.8878044890825542,0.04907503796562142,1.0,0.0,0.0
2023,0.32641633642883533,-0.22364796453018868,0.34526822169295474,True,0.047415801823221665,96,-32.02527376067974,False,False,1.0159527536557817,0.047415801823221665,1.0,0.0,0.0
2024,0.5027494013943845,-0.2285414390093939,0.4237808123526767,True,0.04812389006266038,74,-20.411028294641667,False,False,1.0197121582184776,0.04812389006266038,1.0,0.0,0.0
2025,0.5983373415503282,-0.09439220726628184,0.6308592051224399,True,0.048874507695627005,54,-9.401276591173113,False,False,0.888594686147975,0.048874507695627005,1.0,0.0,0.0
2026,0.35368044410263083,0.1119305325721236,0.486907360457394,False,0.5947888774731129,200,-56.134205822395096,False,True,0.8764710039913542,0.07337589348125978,1.0,0.505,0.0
2027,0.30240163812173015,-0.09129395929193224,0.3330082462434547,False,0.5338032170304365,200,-71.19818859790398,False,True,0.9992345585159991,0.10491161852252835,1.0,0.505,0.0
2028,0.41602569456901983,0.07404537915381482,0.5949321092325155,True,0.049255693903657145,80,-17.352357953676652,False,False,0.805760043348721,0.049255693903657145,1.0,0.0,0.0
2029,0.5397353029540288,-0.3692704643537681,0.46654793154724633,False,0.31747763994547046,200,-57.86445152955168,False,True,1.044512826588316,0.10600248640094367,1.0,0.505,0.005
2030,0.4188923978987707,0.24486353715149745,0.634657396752061,True,0.04313243020712668,68,-13.081684313881063,False,False,0.8082003177528104,0.04313243020712668,1.0,0.0,0.0
2031,0.41568264415964545,0.023981985136118156,0.6712272034732636,False,0.6036203821576089,200,-49.793886706902576,False,True,0.7383698664290286,0.0644643334760276,1.0,0.505,0.02
2032,0.45502047567027104,0.08981141410330878,0.46599225898351165,True,0.04943184047998544,82,-21.807660721421694,False,False,0.9377352191843216,0.04943184047998544,1.0,0.0,0.0
2033,0.3257628990037357,0.14325078970523963,0.5531784372490831,False,0.5969574323569383,200,-55.93709492664342,False,True,0.8101644785615407,0.0674566063709506,1.0,0.505,0.005
2034,0.316167386257602,0.23223306337814797,0.6114132259725916,False,0.5807724077516812,200,-54.01436007923588,False,True,0.7760415322714255,0.0559336172744852,1.0,0.505,0.0
2035,0.3510298952439074,0.24987957073620837,0.5778476747492898,True,0.04986017109853133,82,-19.165246744686364,False,False,0.8246726500439026,0.04986017109853133,1.0,0.0,0.0
2036,0.5920069900467166,-0.07731232634890706,0.5038041890924296,True,0.04960206990522142,65,-15.403578000458099,False,False,0.980042244274259,0.04960206990522142,1.0,0.0,0.0
2037,0.5697960317253813,-0.15110260345897697,0.6669619446759371,True,0.04700940087321272,53,-8.14446110556315,False,False,0.851200474582098,0.04700940087321272,1.0,0.0,0.0
2038,0.49762502212194404,0.38793789210134955,0.39099744611734977,False,0.8247543844174005,200,-74.64101074575572,False,True,1.0909770926493034,0.0618569523224231,1.0,0.5,0.01
2039,0.48540578197321144,0.33094847988256315,0.6343653029261029,True,0.0443179709006075,57,-10.202521343484438,False,False,0.8736601747634583,0.0443179709006075,1.0,0.0,0.0
2040,0.5063945591651707,0.1317291747662359,0.31770207229893377,False,0.6310879550584898,200,-65.47387474717524,False,True,1.0962348847528367,0.05093612189996074,1.0,0.495,0.015
2041,0.4739944013660583,0.2759443014468137,0.34420047450190383,False,0.7050663314372893,200,-67.79813343423096,False,True,1.0855456236378673,0.0519664026788503,1.0,0.5,0.02
2042,0.4600404070719024,-0.16539337100302012,0.6170516307017019,True,0.04893745614154074,71,-13.26035005742672,False,False,0.8245117224182773,0.04893745614154074,1.0,0.0,0.0
2043,0.55153722302656,-0.081001393876382,0.4256642308561707,True,0.04917410522329742,71,-20.003016771173534,False,False,1.0209573018353213,0.04917410522329742,1.0,0.0,0.0
2044,0.43620093423793926,0.3017634586254976,0.371381687923049,True,0.04847298410759604,71,-23.405874607625393,False,False,1.0529662452594633,0.04847298410759604,1.0,0.0,0.0
2045,0.5748235562135338,-0.012726592346442245,0.5399236226128175,False,0.6475889595334228,200,-53.940150778207865,False,True,0.9379649695228106,0.053982078434603946,1.0,0.505,0.005
2046,0.42688949175074525,-0.37103219137849247,0.5031971319821635,False,0.324372790064759,200,-48.45624902189383,False,True,0.9617051662046789,0.0533410518123023,1.0,0.505,0.005
2047,0.44605566498324856,0.02648646221277995,0.6446307237968856,False,0.629409401019273,200,-50.026006025461605,False,True,0.7775815356856239,0.05964184624627105,1.0,0.505,0.01
2048,0.5335308426000049,0.30702895173806055,0.6049240996334129,True,0.04810607067018483,56,-10.722083381945081,False,False,0.9143306624332893,0.04810607067018483,1.0,0.0,0.0
2049,0.40579121872517215,-0.04939133448452193,0.4532771156473086,True,0.04994036046146494,122,-27.526285003707635,False,False,0.9231636855931236,0.04994036046146494,1.0,0.1885245901639344,0.01639344262295082
2050,0.5539974224538717,0.34611824819767756,0.32029238298835166,False,0.8354760911854227,200,-84.20924497316265,False,True,1.161753033653595,0.11316768288417418,1.0,0.5,0.02
2051,0.46997093745892426,-0.16968258791887242,0.4253775061383491,True,0.048747840638919855,78,-22.13513890903876,False,False,0.9908353620564696,0.048747840638919855,1.0,0.0,0.0
2052,0.4125977743567174,0.15530185739767943,0.4851803058594317,True,0.04972847845396201,147,-27.55280771981873,False,False,0.9097717163642772,0.04972847845396201,1.0,0.32653061224489793,0.006802721088435374
2053,0.5295953566931091,0.15688425750252277,0.5581475498484132,True,0.04991232661963499,69,-14.165356593377117,False,False,0.9097250006305526,0.04991232661963499,1.0,0.0,0.0
2054,0.4510084420454343,-0.015190005971997877,0.41687193370862774,True,0.0497342803806899,87,-24.974668487162702,False,False,0.9748623831239388,0.0497342803806899,1.0,0.0,0.0
2055,0.5246740940114524,0.3960190902432005,0.3133926904590961,False,0.8536653289757028,200,-86.80564913750246,False,True,1.1697768719882924,0.12113082741206181,1.0,0.5,0.04
2056,0.5535772794287633,-0.001775339623147576,0.3056319449353254,True,0.04419684374606223,72,-25.555186093559442,False,False,1.1215140654361049,0.04419684374606223,1.0,0.0,0.0
2057,0.5864274679677577,-0.13999845354355173,0.39531164554404163,False,0.5014974940412221,200,-57.14824641059987,False,True,1.0714199005996976,0.051567990107656406,1.0,0.505,0.015
2058,0.47752623578280107,-0.17652343689752456,0.48436907512576344,True,0.04774832280504133,75,-18.913815327280528,False,False,0.9454166595219784,0.04774832280504133,1.0,0.0,0.0
2059,0.3838287488840918,0.3076427471079991,0.3031523614384727,False,0.6407247053231602,200,-71.06014998079021,False,True,1.094602472387507,0.0953849808680348,1.0,0.5,0.01
2060,0.594278408342054,0.23422943683947517,0.5030360966149983,False,0.8175754864456921,200,-67.19401088167031,False,True,1.0066072176735206,0.06899954188334988,1.0,0.5,0.01
2061,0.3459697273718536,0.16257526734314842,0.5237812966670489,False,0.6027206185461409,200,-54.90445146707814,False,True,0.8482369565668553,0.06889385105317965,1.0,0.505,0.005
2062,0.5650656674456846,-0.21903336874408721,0.5615598248436777,True,0.04950435993827485,61,-12.730694205070208,False,False,0.9406747529189183,0.04950435993827485,1.0,0.0,0.0
2063,0.3954151699860588,-0.34909377210623466,0.6099824076115333,True,0.04984347003283019,64,-12.922039355968245,False,False,0.8535128749320907,0.04984347003283019,1.0,0.0,0.0
2064,0.495614516858471,0.3018887149270123,0.45999322426829936,True,0.04975606887781001,65,-17.698224555397786,False,False,1.005396773078619,0.04975606887781001,1.0,0.0,0.0
2065,0.5252288948391615,-0.18451157945730234,0.4925947650082133,True,0.048719401957954676,69,-16.92140048536819,False,False,0.9651387099743659,0.048719401957954676,1.0,0.0,0.0
2066,0.3029519328556285,0.3421897761414513,0.6090617927397757,False,0.5755382285021787,200,-54.48794098316399,False,True,0.8126344017398252,0.07753979051269391,1.0,0.505,0.005
2067,0.5498319696777361,0.09860225868748962,0.6315506112830118,False,0.7209469519131911,200,-55.916142965134156,False,True,0.8566341744304888,0.06302656176097525,1.0,0.505,0.015
2068,0.5385702133424296,0.004113440051506767,0.47297254352605217,True,0.0486175787042086,72,-18.37868123234614,False,False,0.9710732029586369,0.0486175787042086,1.0,0.0,0.0
2069,0.39386249145229063,0.25355885637627706,0.4988330699080253,True,0.04845249659155513,78,-20.4737461447325,False,False,0.9117043722325879,0.04845249659155513,1.0,0.0,0.0
2070,0.3755442092826234,0.16178218723581217,0.5124082782989522,True,0.044280995426899616,150,-28.600990815012917,False,False,0.8705975901063617,0.044280995426899616,1.0,0.34,0.02666666666666667
2071,0.5741651990914131,0.04099196782028702,0.45393868016682076,True,0.04915491752095228,68,-18.109575972646056,False,False,1.0076588926999526,0.04915491752095228,1.0,0.0,0.0
2072,0.38618940534116203,0.12760967873941065,0.5414404786803962,True,0.04955505537029491,86,-21.14484643456546,False,False,0.8440229691658209,0.04955505537029491,1.0,0.0,0.0
2073,0.594621266610655,0.2781147078685021,0.4693777273633981,False,0.8448392080663764,200,-71.83843061426315,False,True,1.0438644331888736,0.07515743164082829,1.0,0.495,0.0
2074,0.3509961812695862,0.23749538192305308,0.43873889904458685,False,0.6047174618924811,200,-57.98780492419215,False,True,0.942871220200291,0.074287539563258,1.0,0.505,0.015
2075,0.4903100427169399,-0.19335201811661556,0.4429340992640046,True,0.04550170757708947,75,-20.255882967533324,False,False,0.9900219163614901,0.04550170757708947,1.0,0.0,0.0
2076,0.34069160442306345,-0.00165338473353005,0.6521659803102795,False,0.5803881304095823,200,-50.845305747316736,False,True,0.7151962858715621,0.05268691095948629,1.0,0.505,0.02
2077,0.5931238780676082,0.0704685525399843,0.3932018512579286,True,0.04779553663506331,66,-20.314912230018702,False,False,1.0700221046970821,0.04779553663506331,1.0,0.0,0.0
2078,0.44899129443884545,0.04309481758384848,0.693611445492396,False,0.6124387237791737,200,-50.63493451255343,False,True,0.7405914256529352,0.06971107351767297,1.0,0.505,0.015
2079,0.4577140081916047,0.25693568355581964,0.6359865426619085,True,0.04470232858597508,63,-11.500851416823688,False,False,0.8316011176790139,0.04470232858597508,1.0,0.0,0.0
2080,0.3324703312923058,0.014573499196415096,0.6092710779472641,True,0.049787887587368185,91,-21.75394723775438,False,False,0.7496456848341124,0.049787887587368185,1.0,0.0,0.0
2081,0.40544110757382973,-0.20789796364928226,0.5124822428123492,True,0.04755674608307079,81,-20.00621083118925,False,False,0.8934336002825451,0.04755674608307079,1.0,0.0,0.0
2082,0.43718173799652194,-0.22788029163213006,0.4669959998238552,True,0.04926276038852957,77,-20.387736961882148,False,False,0.9516616056433809,0.04926276038852957,1.0,0.0,0.0
2083,0.5914285674961832,-0.08200144494931988,0.48560147905807916,True,0.048918308285006526,66,-16.258883632484807,False,False,0.9945706583954601,0.048918308285006526,1.0,0.0,0.0
2084,0.5598846214072672,0.13039618431502842,0.37568900143869566,True,0.04775504998790391,68,-21.635719598511166,False,False,1.0724094172877958,0.04775504998790391,1.0,0.0,0.0
2085,0.4816219822933283,-0.22853342757993583,0.6529967920307453,True,0.04508884503852002,61,-9.99730122923322,False,False,0.8237568151889381,0.04508884503852002,1.0,0.0,0.0
2086,0.32490588205694265,-0.3215858152227273,0.5834646806764883,True,0.04959928184254761,77,-17.508234156119386,False,False,0.8339884834054202,0.04959928184254761,1.0,0.0,0.0
2087,0.4253241374179716,0.06606263924102995,0.3062534904022125,False,0.5625312403647154,200,-65.19932905860915,False,True,1.065549460206544,0.08171648252809047,1.0,0.5,0.0
2088,0.3882077426544185,0.20732930987961318,0.6924007051908776,True,0.0486704180112635,69,-12.091719841798051,False,False,0.7349420548864232,0.0486704180112635,1.0,0.0,0.0
2089,0.3305459171482176,-0.21974170913127936,0.33481730105428814,True,0.046018043659603956,96,-32.36180699224177,False,False,1.0260646772306534,0.046018043659603956,1.0,0.0,0.0
2090,0.4497719260054506,-0.2457769835750094,0.5376451611779252,True,0.047374531118386014,71,-16.15576546484837,False,False,0.9029271994347755,0.047374531118386014,1.0,0.0,0.0
2091,0.3522255350850561,0.03278583508771382,0.34312161710962646,False,0.5469401985625112,200,-66.66644866189502,False,True,1.002373981925485,0.09798812700506246,1.0,0.5,0.005
2092,0.5209794589969297,0.296261498784373,0.4580569822915095,False,0.7837031606733006,200,-64.38496237187502,False,True,1.0180499411876962,0.05498783909933111,1.0,0.5,0.005
2093,0.5905653797504871,-0.36765984392124307,0.6657221725246744,False,0.29744778543530537,200,-61.4741970909259,False,True,0.9287131061723976,0.07661116863572158,1.0,0.505,0.0
2094,0.31330172311013976,-0.31984381498406456,0.45684752671704215,True,0.04768416951872363,84,-24.063613986550884,False,False,0.937915419911203,0.04768416951872363,1.0,0.0,0.0
2095,0.5693171381390978,0.1539691221315126,0.5145769964899503,False,0.7469087646251853,200,-59.64315311890102,False,True,0.9670743066886311,0.05882079870461648,1.0,0.5,0.005
2096,0.34573080812007234,0.35503939967573417,0.4540897813636365,False,0.6398991372318082,200,-57.254324029760355,False,True,0.9640348939166516,0.05003619962315685,1.0,0.5,0.0
2097,0.3308830545627725,0.10954323927475218,0.3927461351196603,False,0.5618599585699325,200,-64.80082618935354,False,True,0.9541898372660608,0.11078340094595737,1.0,0.505,0.005
2098,0.4311784094147907,0.36288360284814114,0.31362897733371936,False,0.724835663013068,200,-74.204218462021,False,True,1.1195561734250077,0.07661230818058345,1.0,0.5,0.015
2099,0.47323630180769377,0.22980457649872332,0.5274756657427735,True,0.04923084357451176,68,-16.152824567269953,False,False,0.9190003607425458,0.04923084357451176,1.0,0.0,0.0
2100,0.38971113231931687,0.3590816042982107,0.40661924654980536,True,0.043047877791138625,71,-22.31221049009585,False,False,1.022426558341119,0.043047877791138625,1.0,0.0,0.0
2101,0.33245118230674403,-0.035548804527581634,0.6884186131018043,False,0.49245939264489924,200,-47.38764033496781,False,True,0.6803970945108115,0.08837656848487307,1.0,0.505,0.02
2102,0.3436260323983854,-0.3771201041515025,0.6370211729121721,True,0.04811938880433513,67,-13.446536912786513,False,False,0.8215881893237185,0.04811938880433513,1.0,0.0,0.0
2103,0.584806528371722,0.1080622858530953,0.30661700096538996,True,0.048516208569838695,67,-24.48187420575769,False,False,1.1415333381276995,0.048516208569838695,1.0,0.0,0.0
2104,0.49762695008223345,-0.3069516610977675,0.6876556609843589,True,0.04945546769592391,54,-7.729915254957518,False,False,0.8330122498151297,0.04945546769592391,1.0,0.0,0.0
2105,0.5796404295295936,-0.28958384161840844,0.3664142399730101,False,0.35928122615774877,200,-61.669500320918964,False,True,1.1208518819706275,0.10322383848208691,1.0,0.505,0.02
2106,0.4386967401211051,-0.12035013465766004,0.5242851222051608,True,0.04672897406767203,82,-19.49474695024628,False,False,0.8829249067624664,0.04672897406767203,1.0,0.0,0.0
2107,0.4060394456800631,-0.2576269596414889,0.49738805756236404,True,0.049063007149799685,77,-19.525884313530177,False,False,0.9193951044650479,0.049063007149799685,1.0,0.0,0.0
2108,0.43746559428722487,0.22418546307989062,0.5102376826652993,True,0.04930570420566901,73,-18.38599691792272,False,False,0.9141716566725135,0.04930570420566901,1.0,0.0,0.0
2109,0.3687723357946778,-0.23432513136694935,0.6748306159268078,False,0.2874878525030076,200,-41.11945748266471,False,True,0.7472232765554709,0.06571271424824195,1.0,0.505,0.015
2110,0.43711627300968825,0.33007707412388887,0.6537765064302685,True,0.04674710929245559,60,-10.652435958241282,False,False,0.8327249377052226,0.04674710929245559,1.0,0.0,0.0
2111,0.5012285573562454,0.02274417196670686,0.4422926586372086,True,0.04783586919015106,77,-21.17396585913253,False,False,0.9773317597026395,0.04783586919015106,1.0,0.0,0.0
2112,0.3253026841513468,0.2660422670923076,0.3312327546761828,False,0.580547430009287,200,-68.71585457174378,False,True,1.0385846833476313,0.11769827947405431,1.0,0.5,0.02
2113,0.42264866495211684,-0.09483521497780262,0.470935057886292,True,0.04721909154810374,87,-23.306933750306424,False,False,0.9186026466474554,0.04721909154810374,1.0,0.0,0.0
2114,0.5381791185313396,-0.2472875686784292,0.4178412578925796,False,0.4168083857497323,200,-53.68616140426312,False,True,1.0468194301423503,0.06354660713881323,1.0,0.505,0.02
2115,0.43687217485425356,-0.012075626145046647,0.6949082728654522,False,0.5641417432343511,200,-48.731247984966856,False,True,0.7310996036958073,0.07913043486082927,1.0,0.505,0.025
2116,0.5437833423803204,-0.33862731847632815,0.4793626326065779,False,0.344357106794039,200,-55.49872740198145,False,True,1.0261536206005943,0.09346594156872157,1.0,0.505,0.015
2117,0.40167264536730685,0.061171311239402115,0.5148430360315421,True,0.04866625049440646,144,-26.56025574871788,False,False,0.8672250785073442,0.04866625049440646,1.0,0.3125,0.013888888888888888
2118,0.39556425219698776,0.1360414369809838,0.6273726761010365,True,0.045431883974046974,77,-15.903866129592444,False,False,0.7760199924863799,0.045431883974046974,1.0,0.0,0.0
2119,0.3341442012611761,-0.13496612447110573,0.3678676488100616,False,0.5161211767219781,200,-62.83107997468947,False,True,0.981671479050622,0.06217464387487344,1.0,0.505,0.0
2120,0.31594406934007063,0.17668653289127145,0.5196609268178654,False,0.5852267358199235,200,-57.61985013570286,False,True,0.8430159964135845,0.08926370650892351,1.0,0.505,0.005
2121,0.4434448433746798,-0.23504168157684086,0.44252270173260094,True,0.04845884963889148,77,-21.19581525061768,False,False,0.9772062734678189,0.04845884963889148,1.0,0.0,0.0
2122,0.49719435883248664,-0.017207384936806236,0.3666441836509754,True,0.04740380555510196,79,-24.900175746529715,False,False,1.0409346201574994,0.04740380555510196,1.0,0.0,0.0
2123,0.3695469246183505,0.2276173236383222,0.6530365713404069,True,0.04509066457565883,73,-14.574724903486446,False,False,0.7633561706358699,0.04509066457565883,1.0,0.0,0.0
2124,0.4216130137884948,-0.38122039760859217,0.6420170196999272,True,0.047815284049370986,57,-10.56339097971405,False,False,0.8552109529604646,0.047815284049370986,1.0,0.0,0.0
2125,0.4183120455191854,0.293730706120086,0.46482294858754947,True,0.04784347857724475,72,-19.993595771250483,False,False,0.96302007995422,0.04784347857724475,1.0,0.0,0.0
2126,0.41946168354635505,-0.1843834732298693,0.4293171620285483,True,0.0457892848970698,84,-23.95126775599428,False,False,0.9671137604541271,0.0457892848970698,1.0,0.0,0.0
2127,0.5958263447874802,0.2799098740649504,0.5167564572432541,False,0.8516433451675359,200,-70.24644253197032,False,True,1.008675747396418,0.07244349287082477,1.0,0.5,0.015
2128,0.526499948465956,-0.05736568586489471,0.6315193748539746,False,0.6081190206567554,200,-50.795300449343586,False,True,0.8380442112977075,0.05676754532278552,1.0,0.505,0.01
2129,0.5489217691058421,-0.20232486635751468,0.3141507314979775,False,0.42161450407919393,200,-60.36291242939328,False,True,1.1300654707354711,0.06432764027036125,1.0,0.5,0.005
2130,0.5790292093080021,-0.2640621211921186,0.315415753732896,False,0.36569271701916084,200,-64.0148893012653,False,True,1.156441336912791,0.0997587239465872,1.0,0.505,0.01
2131,0.3137685306193282,-0.0413750057036929,0.6478527246818714,False,0.5477627893267465,200,-50.53957290019828,False,True,0.7078404157342738,0.06250451004572469,1.0,0.505,0.015
2132,0.5422411330908299,-0.23826507944420935,0.44323828052391206,False,0.4315683285748167,200,-52.46865631768698,False,True,1.0259826475719271,0.05874152917174485,1.0,0.505,0.02
2133,0.37505479562836724,-0.20968960883222998,0.664049071331339,False,0.33731659962891286,200,-41.391005191568276,False,True,0.7518405949149545,0.06567416113822938,1.0,0.505,0.01
2134,0.5089528033754983,-0.30522718139551713,0.36068272455571093,False,0.3564870100177153,200,-57.35347720883509,False,True,1.0950709912188112,0.08269967864814488,1.0,0.505,0.02
2135,0.4378098411344248,0.34018218080968043,0.6679520429488629,True,0.04538827250177569,59,-9.990087168445015,False,False,0.8265767785132755,0.04538827250177569,1.0,0.0,0.0
2136,0.4511528056797118,-0.2620068062165526,0.3170157956350811,True,0.049390470834848314,79,-26.372777402518132,False,False,1.096107643820929,0.049390470834848314,1.0,0.0,0.0
2137,0.41240987620195024,0.3473403100638601,0.5310126483434565,True,0.04818655985517439,68,-16.48586326574631,False,False,0.92369271114758,0.04818655985517439,1.0,0.0,0.0
2138,0.4110403857727802,0.2609888781544373,0.48875079521764914,True,0.04750154670578974,75,-19.9107438670314,False,False,0.9299076275272915,0.04750154670578974,1.0,0.0,0.0
2139,0.5477574107726949,-0.1467890234360711,0.38228631287079945,True,0.04919032399912571,72,-21.858423294562463,False,False,1.0626718636962353,0.04919032399912571,1.0,0.0,0.0
2140,0.4045418643798934,0.07676222737563715,0.5241396502725325,True,0.04993316085096153,88,-21.764960302995686,False,False,0.861617170544276,0.04993316085096153,1.0,0.0,0.0
2141,0.34044291469734955,0.17064607524505004,0.44117265842918385,False,0.587824833959205,200,-59.6195391328322,False,True,0.9221341685531165,0.09258667300091719,1.0,0.505,0.095
2142,0.3149722513518788,0.2054653356784194,0.6591773127816294,True,0.049462168455580886,80,-17.438686727727735,False,False,0.7266959320276322,0.049462168455580886,1.0,0.0,0.0
2143,0.4805312522233788,-0.14526381006576106,0.3916326288833086,True,0.044645370227813876,79,-23.655185591180768,False,False,1.021266948297928,0.044645370227813876,1.0,0.0,0.0
2144,0.3548125173391306,0.15801050605854017,0.3269742227004381,False,0.5677041396627018,200,-68.27426418191712,False,True,1.0300603993148043,0.11704525476905486,1.0,0.5,0.005
2145,0.5470583755533767,0.21187133749806886,0.481202766267046,False,0.7559850933586733,200,-60.97846735165613,False,True,0.9918860544447747,0.05312372728130544,1.0,0.5,0.005
2146,0.33480912890652226,-0.05125783071086393,0.3370676489706198,False,0.5336880400528534,200,-67.79639327549877,False,True,1.0028623042712936,0.09181954421801834,1.0,0.505,0.01
2147,0.38923579943843145,0.033708386618563346,0.6775102161252962,False,0.5895447237648469,200,-49.73705984700536,False,True,0.7189163248485602,0.05946928274139306,1.0,0.505,0.015
2148,0.4047006552624874,0.016727897018564253,0.51748490460944,True,0.04841290458162299,140,-25.898278756389182,False,False,0.8643018823290887,0.04841290458162299,1.0,0.29285714285714287,0.007142857142857143
2149,0.3293438819176724,0.3228864530227412,0.49009416096019265,True,0.04466544714062747,153,-32.18683717907817,False,False,0.9155627233170959,0.04466544714062747,1.0,0.35294117647058826,0.032679738562091505
2150,0.5623739176083367,0.11368932269164034,0.5412955709574454,False,0.7231547275809816,200,-56.9420474833379,False,True,0.9361369171465729,0.0584236396654371,1.0,0.505,0.0
2151,0.5065346589745904,-0.08365306339942807,0.4252427170729824,True,0.04881917005316356,76,-21.561287598315957,False,False,0.9979457515524068,0.04881917005316356,1.0,0.0,0.0
2152,0.5991850590934815,-0.1297651407442098,0.5715583861796971,True,0.04968385679362598,58,-12.004470118159025,False,False,0.9376401922985315,0.04968385679362598,1.0,0.0,0.0
2153,0.5015444066872374,-0.08231842104792664,0.579926281280915,False,0.581688383159038,200,-48.15743228435579,False,True,0.8659257897775835,0.05021807512517117,1.0,0.505,0.015
2154,0.4492936551470982,-0.08809948794357203,0.5184566893278003,True,0.049621233388236055,81,-19.59812482232182,False,False,0.8894372428578475,0.049621233388236055,1.0,0.0,0.0
2155,0.3570626315055049,-0.24870866943388031,0.38158593073087177,True,0.04635202663775123,88,-27.65818719479688,False,False,0.9991473330142818,0.04635202663775123,1.0,0.0,0.0
2156,0.5261819602698945,0.11048925557371247,0.5004682323049304,True,0.04888465381753831,71,-17.107855221290297,False,False,0.9477896239626197,0.04888465381753831,1.0,0.0,0.0
2157,0.4738347208286132,0.2708412944033233,0.6156578115772522,True,0.049692166806811766,61,-11.717418981225608,False,False,0.860554807731921,0.049692166806811766,1.0,0.0,0.0
2158,0.558169600666228,-0.17752166085916787,0.561504226763998,True,0.047356076761653515,62,-12.987055736350248,False,False,0.9277615053920142,0.047356076761653515,1.0,0.0,0.0
2159,0.3866517976815597,-0.07473630576197676,0.42712950912575814,True,0.049959852393889954,125,-29.736705684894893,False,False,0.9403084298438433,0.049959852393889954,1.0,0.208,0.016
2160,0.46726166892922794,0.10989954804595803,0.5644012795571423,True,0.04789791435584174,75,-16.257359920342246,False,False,0.8625109298153307,0.04789791435584174,1.0,0.0,0.0
2161,0.5901712657669071,0.04784576413351482,0.6596157165192247,False,0.7171823676241019,200,-58.684684262636075,False,True,0.858317987600717,0.062397923437968995,1.0,0.505,0.02
2162,0.41451349239613167,-0.18005425312329307,0.5269311864475978,True,0.04937218418837298,81,-19.453441577772573,False,False,0.8791249882805614,0.04937218418837298,1.0,0.0,0.0
2163,0.5393819658511584,-0.302273763220157,0.47419911844304263,False,0.377940488158045,200,-53.229468606612365,False,True,1.01647921547817,0.07691842546859964,1.0,0.505,0.01
2164,0.4041162682287301,0.26749487783992165,0.6957927955271523,True,0.047531372405880554,64,-10.62584820479905,False,False,0.7598229662778208,0.047531372405880554,1.0,0.0,0.0
2165,0.5441242902163235,-0.10032184590760673,0.6715378187213775,True,0.04997073759189568,58,-8.667775826945643,False,False,0.8231523955981336,0.04997073759189568,1.0,0.0,0.0
2166,0.39155053615334706,-0.33202111315265903,0.34603073769043075,True,0.04703508381199651,79,-25.491533922868854,False,False,1.0666383470540934,0.04703508381199651,1.0,0.0,0.0
2167,0.5546749508507203,-0.10100806587652861,0.31862630321885665,True,0.04934340076816122,72,-24.79673349203763,False,False,1.1153609562513351,0.04934340076816122,1.0,0.0,0.0
2168,0.4545666855031348,-0.3770292667711843,0.3623393221104849,False,0.3458677409413881,200,-58.059434552245584,False,True,1.0921169262828172,0.08864204200414871,1.0,0.505,0.02
2169,0.5470304422091719,-0.2203179056557607,0.5626917397747013,True,0.047543952105837,62,-12.895555161557475,False,False,0.9293809988185135,0.047543952105837,1.0,0.0,0.0
2170,0.4306132591002219,-0.3680013984481372,0.4034076496241442,False,0.348833034556476,200,-53.96105006152456,False,True,1.0445195745473437,0.06869402182047858,1.0,0.505,0.02
2171,0.46517083028790723,0.2675920755533636,0.5921249658815664,True,0.04448578246683173,64,-13.05873975135566,False,False,0.8732343516376025,0.04448578246683173,1.0,0.0,0.0
2172,0.4209601282758821,-0.04169837765329909,0.5366755588291021,True,0.04772275633522386,86,-20.52041877622873,False,False,0.8561337851185468,0.04772275633522386,1.0,0.0,0.0
2173,0.5074454551659298,0.37317748375849635,0.6568390961655298,False,0.8073740537416509,200,-64.42006286992071,False,True,0.8867576660093753,0.05136840236746355,1.0,0.505,0.0
2174,0.5796342190388604,0.06929472040993884,0.5359062801586743,False,0.702104855045353,200,-56.818600188526794,False,True,0.9465422534171202,0.058634487200083414,1.0,0.505,0.0
2175,0.39839383687596375,0.20337761681533373,0.35534669275671454,False,0.6124234946372433,200,-63.17926855817734,False,True,1.0280633003329955,0.0801661769486204,1.0,0.5,0.02
2176,0.4267608904347807,0.24572911536937803,0.5709529371285293,True,0.04305005466416336,71,-15.71512799549765,False,False,0.8641032850510383,0.04305005466416336,1.0,0.0,0.0
2177,0.35279925814275565,0.29373613689739253,0.5992719446812147,True,0.049974407221263326,77,-17.17519264772087,False,False,0.8218889073790299,0.049974407221263326,1.0,0.0,0.0
2178,0.3737877411007498,-0.30756460741660424,0.4882007482040257,True,0.04641404634556715,77,-20.113540562078505,False,False,0.9288939211676213,0.04641404634556715,1.0,0.0,0.0
2179,0.31465100369602017,0.10257476899072415,0.32010723063059293,False,0.5473825388984351,200,-73.07358060056447,False,True,1.016288222693855,0.13722267723021248,1.0,0.5,0.01
2180,0.36783661815654145,-0.02556781987667256,0.6475195278015874,False,0.5772769740249728,200,-49.4910509576645,False,True,0.7329768070865716,0.061497145907375365,1.0,0.505,0.01
2181,0.4144015266703546,0.24985237880207234,0.3706884501108518,False,0.6459889896976385,200,-61.897729479396745,False,True,1.030932565379536,0.054314122313715824,1.0,0.5,0.01
2182,0.5254571261230747,0.20204781808518835,0.5735167174307649,True,0.047562441138980054,64,-13.011895288244977,False,False,0.9041355580333722,0.047562441138980054,1.0,0.0,0.0
2183,0.34588036896637275,0.0425661468635557,0.3864786598022751,False,0.5548174388012268,200,-63.625125119566064,False,True,0.9600070492261764,0.0938746230231265,1.0,0.505,0.015
2184,0.3989754781284315,0.34220029430401555,0.39574310171933164,True,0.04775849343181129,71,-22.77998236247488,False,False,1.0295446806823432,0.04775849343181129,1.0,0.0,0.0
2185,0.534944154897854,-0.3559795758385633,0.5978518252822396,False,0.3082948080719732,200,-53.24553381333685,False,True,0.9378582706866465,0.081978662058857,1.0,0.505,0.0
2186,0.4102153143114481,-0.09840913905863491,0.4225239617362295,True,0.048049109329581494,91,-26.413298558556654,False,False,0.9565260430429029,0.048049109329581494,1.0,0.0,0.0
2187,0.340180198958293,-0.2936686826209003,0.5016882529669979,True,0.04746678541250234,82,-21.42670755225753,False,False,0.8996058370089332,0.04746678541250234,1.0,0.0,0.0
2188,0.34129317385214003,-0.08675620637667569,0.5759576670123757,True,0.04904946179719276,131,-25.19945549199282,False,False,0.7880941321745065,0.04904946179719276,1.0,0.24427480916030533,0.015267175572519083
2189,0.42208608663879155,-0.2013955264287458,0.4390328650469808,True,0.04729585449290982,82,-22.972358456246397,False,False,0.9631331574301667,0.04729585449290982,1.0,0.0,0.0
2190,0.47132800359938054,-0.09844675580618406,0.34262367803362953,True,0.049006220160211895,81,-26.752178163495056,False,False,1.0546999442178844,0.049006220160211895,1.0,0.0,0.0
2191,0.3797848318714262,-0.17117092370815978,0.40455872270463644,True,0.04870898504674382,91,-27.605398335331408,False,False,0.9704047177289241,0.04870898504674382,1.0,0.0,0.0
2192,0.3708541466881458,-0.20605238105100954,0.5507206082883039,True,0.04958487398644699,85,-19.958559302867737,False,False,0.8445699330501123,0.04958487398644699,1.0,0.0,0.0
2193,0.4917975917088803,0.3922388300048516,0.49450414781379665,False,0.8276277326402827,200,-67.55359743583269,False,True,1.0071205967898265,0.06121635496186028,1.0,0.5,0.005
2194,0.44103240743877936,0.29699953197945983,0.46106838666826244,True,0.04957329878490917,69,-19.203814971354134,False,False,0.9772441644473955,0.04957329878490917,1.0,0.0,0.0
2195,0.48828073112142656,0.3140280968770831,0.610160773152218,True,0.04745820020146495,58,-11.203795828718299,False,False,0.8871623224014813,0.04745820020146495,1.0,0.0,0.0
2196,0.5762109084372631,0.1829726576394639,0.510927164571017,False,0.7697146359350958,200,-61.83090268197542,False,True,0.9790353294495178,0.06159985535226967,1.0,0.5,0.005
2197,0.47517145672859723,0.17837158649791662,0.39030852640047164,True,0.04909310878705353,76,-23.25404194228311,False,False,1.0251515191918024,0.04909310878705353,1.0,0.0,0.0
2198,0.5950580187214453,-0.17712607172923117,0.6485946765443423,True,0.04614887084496846,52,-8.640058863005889,False,False,0.8862303222450995,0.04614887084496846,1.0,0.0,0.0
2199,0.5309473573084873,-0.17802057858678266,0.5165081220855642,True,0.049971569701695945,67,-15.672058717812664,False,False,0.947651968831955,0.049971569701695945,1.0,0.0,0.0
2200,0.508500175622285,-0.23171379343741344,0.41083848755637775,False,0.43005114208938566,200,-51.953858000330115,False,True,1.0341396271375491,0.05005210498394001,1.0,0.505,0.015
2201,0.5202371871228236,-0.28643586007829214,0.5881875746993417,True,0.04853605723211207,62,-11.84806905349783,False,False,0.9125137201469714,0.04853605723211207,1.0,0.0,0.0
2202,0.5122502990644157,0.19371020815287632,0.41086234973642993,True,0.048137134416890735,70,-20.785193039030766,False,False,1.028135956009387,0.048137134416890735,1.0,0.0,0.0
2203,0.3923655841864079,-0.014850163268208871,0.4323360210378901,True,0.04989845445479592,123,-29.593677138930403,False,False,0.9350945557486631,0.04989845445479592,1.0,0.1951219512195122,0.008130081300813009
2204,0.5401334090097525,0.33326191065778643,0.3905248283298716,False,0.8195084589955115,200,-74.39710272556289,False,True,1.0935052043693958,0.06998224691183125,1.0,0.5,0.01
2205,0.4366178767461404,0.16386830541648023,0.49590008136029057,True,0.04588387583915622,79,-20.18720687015356,False,False,0.9131647573475098,0.04588387583915622,1.0,0.0,0.0
2206,0.4880282865489407,0.2904130957367913,0.6047583161883616,True,0.04400926682226314,60,-11.654073494965902,False,False,0.8830708859260268,0.04400926682226314,1.0,0.0,0.0
2207,0.49668522593879205,0.11522650686275715,0.49569246048561905,True,0.047446534254991304,74,-18.285625004015802,False,False,0.9363126044046886,0.047446534254991304,1.0,0.0,0.0
2208,0.546500556949344,-0.013306704100463584,0.3948122030648988,True,0.047282095427829,72,-21.67859639122442,False,False,1.0412342380831274,0.047282095427829,1.0,0.0,0.0
2209,0.39544190843484983,-0.3344144690821992,0.3213167675977898,True,0.0483458008227943,80,-26.493052104010154,False,False,1.0905041249961296,0.0483458008227943,1.0,0.0,0.0
2210,0.5299863881058559,-0.22588261250875652,0.45127095363566755,False,0.4442036053076792,200,-51.0050414344441,False,True,1.0101281189002056,0.05054381772564451,1.0,0.505,0.025
2211,0.5329339799938316,-0.3507057807007236,0.5164134922992318,False,0.33232507303495323,200,-54.03826669130472,False,True,0.9957940045052284,0.08908908226704183,1.0,0.505,0.015
2212,0.5428248114710305,-0.38465088580016693,0.4865906976738529,False,0.3060581496876706,200,-58.622738058055,False,True,1.0361955508104739,0.10962381706631752,1.0,0.505,0.015
2213,0.5560029955293789,-0.38614695250996744,0.5604373892260326,False,0.2983015511701557,200,-58.122105489292494,False,True,0.9886654014465509,0.1016613515968398,1.0,0.505,0.01
2214,0.38696200640499434,-0.3238304648734458,0.3631184946847746,True,0.04615287739800831,79,-25.024044398723284,False,False,1.0474312493821831,0.04615287739800831,1.0,0.0,0.0
2215,0.5282938023567746,0.29974305088381425,0.3390893978709931,False,0.771220609422594,200,-74.78434014570034,False,True,1.12077465199885,0.07415487408544345,1.0,0.5,0.025
2216,0.4362003413237016,0.2602179457588851,0.5855086658359558,True,0.04420942597411885,68,-14.452407866814829,False,False,0.8612156019033719,0.04420942597411885,1.0,0.0,0.0
2217,0.4332969796589069,0.06256462268590673,0.6997743398979634,False,0.6059738258793441,200,-50.401142763788606,False,True,0.7276564248008668,0.06753670382683839,1.0,0.505,0.015
2218,0.37287563128232304,-0.38093443787233183,0.44361528239794895,True,0.04929101431231689,73,-20.63714178615256,False,False,0.992653236350183,0.04929101431231689,1.0,0.0,0.0
2219,0.5088535999435694,-0.004293583264445455,0.4722956133078391,True,0.04607505795985487,76,-19.525756932307694,False,False,0.9554858481881314,0.04607505795985487,1.0,0.0,0.0
2220,0.5424660448852263,-0.3498063353994592,0.5692427779847331,False,0.3218926205449917,200,-53.74274585308716,False,True,0.9608497412350352,0.08631163433240001,1.0,0.505,0.005
2221,0.4711559334411064,-0.3995922934646296,0.6949521004125678,True,0.046577216962517154,47,-7.525394708877636,False,False,0.8515362911970985,0.046577216962517154,1.0,0.0,0.0
2222,0.3953866837911124,-0.1801500943806092,0.3599484071096026,True,0.0490271054943827,88,-28.506318898550525,False,False,1.018391242593614,0.0490271054943827,1.0,0.0,0.0
2223,0.36609126408965115,0.3060184155829948,0.6013927310168639,True,0.04786459777551847,74,-16.156253536031926,False,False,0.8303831190311006,0.04786459777551847,1.0,0.0,0.0
2224,0.5085460899494489,0.2469349028547415,0.5004119826267301,True,0.04634652139087723,66,-16.200914996606922,False,False,0.963801652165084,0.04634652139087723,1.0,0.0,0.0
2225,0.3742447683521913,-0.3451952143102488,0.3236873040650544,True,0.04751350320479399,79,-26.711874224620413,False,False,1.0842815503463434,0.04751350320479399,1.0,0.0,0.0
2226,0.4524125715559948,0.23359298372797077,0.5572021878701577,True,0.04638928580918437,69,-15.495386981422357,False,False,0.884944116761918,0.04638928580918437,1.0,0.0,0.0
2227,0.5266192323743935,0.024649762160945943,0.30482430528944615,True,0.047045256150046406,75,-26.469703144731522,False,False,1.1094387831802819,0.047045256150046406,1.0,0.0,0.0
2228,0.5124530565273395,0.3161276734881001,0.4758354513665556,False,0.7907209617582365,200,-64.0247423555015,False,True,1.0054028006046307,0.0549667483387448,1.0,0.5,0.005
2229,0.3061283764390881,-0.33639873516863306,0.4401347346336135,True,0.048766494587567794,83,-24.603207793873594,False,False,0.9559984761418305,0.048766494587567794,1.0,0.0,0.0
2230,0.5858783889533763,0.24310782385989238,0.6451553112444486,False,0.8067081852685681,200,-64.52154513937525,False,True,0.8981388360837067,0.0585280373510675,1.0,0.505,0.0
2231,0.5679222236499626,0.3206182603668333,0.5210193581850494,False,0.8509844209257728,200,-69.46535011080833,False,True,1.001450097073201,0.06695879683626416,1.0,0.5,0.01
2232,0.30831934684646944,0.20423324586660419,0.36271785114673416,False,0.5621876345658218,200,-68.33684372737811,False,True,0.989956637059694,0.1360354234821428,1.0,0.5,0.03
2233,0.3922753065675694,-0.040054313035122024,0.6611964453121197,False,0.5624988116789693,200,-48.32985360771579,False,True,0.7346024166440002,0.07320321783921388,1.0,0.505,0.015
2234,0.40889780756316996,0.1242350191554289,0.32021730622257644,False,0.5788054631362529,200,-65.45079197256443,False,True,1.0515394151794786,0.0897401841787029,1.0,0.5,0.01
2235,0.43044051996213506,0.1500510552428611,0.3356860915587049,False,0.6019436684063455,200,-63.5560545027727,False,True,1.0494821322426011,0.07478693824395934,1.0,0.5,0.015
2236,0.4181921553069683,-0.32390556648676694,0.5585342433952583,True,0.044447146358433595,68,-14.927358414942269,False,False,0.8954084343076626,0.044447146358433595,1.0,0.0,0.0
2237,0.535797438627915,0.15363972178604246,0.6275425505312575,False,0.7311663528535712,200,-55.92978978162444,False,True,0.8588892231341723,0.05491478868266087,1.0,0.505,0.01
2238,0.42223516105992825,-0.22213781206614344,0.4411226633584583,True,0.049884180865329836,80,-22.37892996309564,False,False,0.9659304733726294,0.049884180865329836,1.0,0.0,0.0
2239,0.5052433692500296,0.1721683185470806,0.3859230234984594,True,0.04943282839498187,72,-22.391357479895852,False,False,1.0421495026840493,0.04943282839498187,1.0,0.0,0.0
2240,0.5367691014522582,0.3507213391407128,0.5881291994268767,False,0.8311797184828419,200,-65.99480619047092,False,True,0.9440320292699351,0.05592161511463933,1.0,0.505,0.01
2241,0.594654149753788,-0.273520145008243,0.5049321429594384,False,0.41289296742511516,200,-56.12065931289143,False,True,1.015237975194684,0.08342632476683845,1.0,0.505,0.015
2242,0.5504706198689854,-0.32389739046401245,0.649884990474961,False,0.3173125887753476,200,-53.40493335531865,False,True,0.8979051053076431,0.07089202076078834,1.0,0.505,0.01
2243,0.41757597436794053,-0.10735170121273024,0.46401041276755334,True,0.04913626764327803,87,-23.749329566423754,False,False,0.9237781485666564,0.04913626764327803,1.0,0.0,0.0
2244,0.4630687480813624,-0.16812390146700543,0.4006709063354396,True,0.04523079307194749,80,-23.630493588060478,False,False,1.008800091617297,0.04523079307194749,1.0,0.0,0.0
2245,0.49241968559603555,0.12230849302055458,0.6874267388090209,False,0.6785910472532741,200,-53.51360069185246,False,True,0.7808749775909181,0.05772447846940497,1.0,0.505,0.01
2246,0.40837641231124977,0.3529207335721013,0.45875711487693516,True,0.04817083451484299,69,-19.538933822035638,False,False,0.9835688590286693,0.04817083451484299,1.0,0.0,0.0
2247,0.3168545007577206,-0.237240667804843,0.42397313142353044,True,0.04992639494132985,95,-28.556281273133365,False,False,0.9440206367309726,0.04992639494132985,1.0,0.0,0.0
2248,0.5906437333133447,-0.10969965900057127,0.48608519940905837,True,0.048281998293233507,66,-16.210784202040653,False,False,0.9963852543499715,0.048281998293233507,1.0,0.0,0.0
2249,0.4821517917716325,0.1353534425642382,0.39356095657400836,True,0.04864605001535501,78,-23.43541348546922,False,False,1.0189891856730524,0.04864605001535501,1.0,0.0,0.0
2250,0.41677920985393413,-0.04680468748713562,0.42821839366088077,True,0.04955916953124967,122,-28.223766693467574,False,False,0.9503326031698949,0.04955916953124967,1.0,0.1885245901639344,0.01639344262295082
2251,0.5531594437316044,0.08853847493944655,0.4405447490756059,True,0.04906237148246427,69,-19.08017677531352,False,False,1.0100442864250343,0.04906237148246427,1.0,0.0,0.0
2252,0.3641816796869712,-0.32350415578741326,0.5490481218520586,True,0.04968004452959293,73,-17.241262568690637,False,False,0.8792251057363526,0.04968004452959293,1.0,0.0,0.0
2253,0.3395061416645745,-0.022898517937739005,0.36966359844688124,False,0.5433007031642345,200,-65.04843267969865,False,True,0.972791241298722,0.08914049361220391,1.0,0.505,0.01
2254,0.376038208647257,-0.3654223824536141,0.5520588341574273,True,0.04870746668991513,68,-15.883826899537763,False,False,0.8979384584827025,0.04870746668991513,1.0,0.0,0.0
2255,0.31735511123261617,0.17029932055268682,0.6531988825728001,True,0.04709539596922813,82,-18.163734574505987,False,False,0.7237750812566701,0.04709539596922813,1.0,0.0,0.0
2256,0.5037091796109797,0.25417713711167633,0.6625114911336663,True,0.04927409021556956,57,-9.182572256960974,False,False,0.8371720195115108,0.04927409021556956,1.0,0.0,0.0
2257,0.48297744096161055,-0.06883089350438876,0.6898609910421071,False,0.5434144013790934,200,-48.963143337326876,False,True,0.7664530176666715,0.06821514630052684,1.0,0.505,0.02
2258,0.3389377472045764,-0.20578309625763636,0.6873308917159147,True,0.049885691634449135,173,-28.081861621272452,False,False,0.7139107012205415,0.049885691634449135,1.0,0.4277456647398844,0.011560693641618497
2259,0.4807134499301104,-0.31993880267187147,0.5911446546802126,True,0.049402167033423844,62,-12.06784778250529,False,False,0.8996369578149299,0.049402167033423844,1.0,0.0,0.0
2260,0.3180544460233425,0.21587233019376362,0.6188232797211215,True,0.049359829258609766,86,-19.532746955594874,False,False,0.7656614803270819,0.049359829258609766,1.0,0.0,0.0
2261,0.497061696257509,-0.13867006829951817,0.5618122247884652,True,0.04793909258367843,71,-14.947133871209253,False,False,0.885172736669416,0.04793909258367843,1.0,0.0,0.0
2262,0.5241605644004012,-0.013960407784114115,0.45469380384345537,True,0.04776648784391878,74,-19.72856230411075,False,False,0.978632270091609,0.04776648784391878,1.0,0.0,0.0
2263,0.42766903938666334,0.2585422517622462,0.5959136648927454,True,0.047780871307566704,68,-14.310589431155083,False,False,0.8479906778647518,0.047780871307566704,1.0,0.0,0.0
2264,0.5330916405409407,-0.11371608831517604,0.6958284572619914,True,0.04946554095369287,57,-7.786229343726001,False,False,0.7997148119092878,0.04946554095369287,1.0,0.0,0.0
2265,0.42097862195030167,0.04796342788190283,0.33598743306626955,False,0.559610125984607,200,-62.06929918125194,False,True,1.0356506371434724,0.0764958149932078,1.0,0.5,0.005
2266,0.5462022147894501,-0.20001699952550284,0.6060568459471042,True,0.046744605119348394,59,-10.998153597667953,False,False,0.8910061283424254,0.046744605119348394,1.0,0.0,0.0
2267,0.489874290672322,-0.298579534686217,0.4584600644572403,False,0.3836347860993353,200,-50.29059852810318,False,True,1.002845204784432,0.058483226937370715,1.0,0.505,0.02
2268,0.517037599316541,0.11484303115521832,0.42633608758413677,True,0.046944082431003564,73,-20.720250814571976,False,False,1.0054686489877318,0.046944082431003564,1.0,0.0,0.0
2269,0.3640534191658542,0.11221068467853157,0.5506423854063346,False,0.6146863450828016,200,-53.0728928177254,False,True,0.8237404779156325,0.051570019234846456,1.0,0.505,0.0
2270,0.3111117032246572,-0.002785253411200117,0.5645668286776563,True,0.04837009371210472,99,-25.948339745129456,False,False,0.7810728125410741,0.04837009371210472,1.0,0.0,0.0
2271,0.49718312222888417,-0.2717310567289949,0.33475344608314495,False,0.3788106661153093,200,-57.32354372829354,False,True,1.102910406615607,0.06805554520937,1.0,0.505,0.015
2272,0.5170586411846161,0.34693633639358823,0.5816157317791172,True,0.04815733355170436,57,-11.717992419423153,False,False,0.9364041940139534,0.04815733355170436,1.0,0.0,0.0
2273,0.4326069990538577,0.32006828227309125,0.3433642000303001,False,0.6961670528405073,200,-67.93643407434922,False,True,1.0810889946395628,0.054290606247119004,1.0,0.5,0.015
2274,0.5199132778964735,-0.1782970488476046,0.3773905222585081,True,0.049704411379920765,74,-22.608096987407592,False,False,1.057643485502453,0.049704411379920765,1.0,0.0,0.0
2275,0.5726622165288402,-0.3787917653856255,0.30284123314577394,False,0.31805073282890967,200,-70.94550094817302,False,True,1.19508149886906,0.15174697942090176,1.0,0.505,0.0
2276,0.41957867605939025,-0.1474328278480071,0.4960607609332868,True,0.04781271698581236,84,-21.411256317311178,False,False,0.9021708891103879,0.04781271698581236,1.0,0.0,0.0
2277,0.5912677354512259,-0.3238247731660027,0.45300070952158455,False,0.3552152865920545,200,-60.2535959298655,False,True,1.0677278884321504,0.11093687078142117,1.0,0.505,0.025
2278,0.5236683911259178,-0.2202438267784415,0.3639615641752707,False,0.424104736007555,200,-55.49948061647741,False,True,1.0787471528950572,0.056145871557708636,1.0,0.505,0.005
2279,0.48149133972960273,-0.03412006727540884,0.6355241670070934,False,0.6098352734634469,200,-49.52997736505274,False,True,0.8060007073218948,0.06502256676779274,1.0,0.505,0.01
2280,0.40644845406232283,0.2502052683024213,0.6163471197853503,True,0.04577927923060143,70,-14.36319720071209,False,False,0.8182704157381241,0.04577927923060143,1.0,0.0,0.0
2281,0.3728019048675626,-0.25288697970875973,0.5076362729871218,True,0.0455304483628137,82,-20.709441092809847,False,False,0.8949997424801079,0.0455304483628137,1.0,0.0,0.0
2282,0.4200810336177243,0.10901977968263799,0.5477474125260359,True,0.048587703532263195,81,-19.19770584039813,False,False,0.8520638146312753,0.048587703532263195,1.0,0.0,0.0
2283,0.5227056498516909,0.2612223579454661,0.5050858528888089,True,0.048348252184617045,64,-15.539513946591452,False,False,0.9713398377310288,0.048348252184617045,1.0,0.0,0.0
2284,0.5637959731874045,0.37413458996858784,0.479533187346892,False,0.895342128699914,200,-76.5534231342382,False,True,1.0489002062044122,0.07361546593088245,1.0,0.5,0.005
2285,0.37234677330428745,-0.18650006176415543,0.5406781169556247,True,0.04997382254131643,87,-20.89507420490272,False,False,0.8494120808790668,0.04997382254131643,1.0,0.0,0.0
2286,0.339520474670815,0.04485008656755235,0.46874472531368494,False,0.5756706066875804,200,-58.46697975530059,False,True,0.8815011708677629,0.07657630719022525,1.0,0.505,0.035
2287,0.3039632750434845,0.02451133962073948,0.6837662598801009,False,0.5248924747496921,200,-50.080443012585945,False,True,0.6705837894570368,0.052225158079865115,1.0,0.505,0.0
2288,0.4140598349372911,-0.23273735998764133,0.455546345233834,True,0.04818655035194145,80,-21.811474672669476,False,False,0.9523581058667656,0.04818655035194145,1.0,0.0,0.0
2289,0.470550530032799,0.152440107190162,0.5822325697739055,True,0.04749337006276196,71,-14.7620874800611,False,False,0.8561143084531424,0.04749337006276196,1.0,0.0,0.0
2290,0.3232366583694267,0.02333993310629684,0.31180072113940677,False,0.5431021056304131,200,-72.71209900024296,False,True,1.0219461492343547,0.12191873719220843,1.0,0.5,0.015
2291,0.3388115552797229,-0.3198964717577096,0.35810381788364953,True,0.04498433326287718,83,-27.224028010309063,False,False,1.0338589776175824,0.04498433326287718,1.0,0.0,0.0
2292,0.3919506195887576,-0.031619060801936716,0.5630665395358878,True,0.04887610691605298,89,-20.83344097559656,False,False,0.8185679610490622,0.04887610691605298,1.0,0.0,0.0
2293,0.3613072009052707,-0.18855024180446725,0.5406108302042743,True,0.04794875479297142,90,-21.56326978850354,False,False,0.8451450821380494,0.04794875479297142,1.0,0.0,0.0
2294,0.5457412107875812,-0.2685501698807917,0.597833073069212,True,0.04970054299810623,61,-11.246763776607686,False,False,0.9146965141226275,0.04970054299810623,1.0,0.0,0.0
2295,0.44568363890451734,-0.2346806487124428,0.45190198046863017,True,0.04541153454592241,77,-20.69299126394595,False,False,0.9701094983861893,0.04541153454592241,1.0,0.0,0.0
2296,0.42585908881526385,0.23108047770345297,0.30084802386007237,False,0.6355609887813456,200,-69.37821479565025,False,True,1.0933672974037538,0.08457382572943221,1.0,0.5,0.02
2297,0.477278091476519,-0.08548751616873645,0.35143206006145883,True,0.04627769366126537,81,-26.213565357560242,False,False,1.048426939269505,0.04627769366126537,1.0,0.0,0.0
2298,0.4678193833269938,-0.19998127854091863,0.34029068595711415,True,0.046154328934398636,79,-25.731515692114833,False,False,1.0694772090657994,0.046154328934398636,1.0,0.0,0.0
2299,0.3382338531413835,-0.030272887325595466,0.628248916297568,False,0.5784545604561713,200,-50.8925021497222,False,True,0.7358006281545568,0.05364242942570855,1.0,0.505,0.01
2300,0.5828309448751496,0.07731802407367844,0.5299426341439697,False,0.7071755889988945,200,-57.427692848664044,False,True,0.9538119070114252,0.05854677336133947,1.0,0.505,0.0
2301,0.5214130049355155,0.2744046990118165,0.47310290918586095,False,0.7711554943575364,200,-62.19609543799642,False,True,0.9999335827444352,0.05071495045399598,1.0,0.5,0.0
2302,0.5415478735082071,-0.13567277262367006,0.4577984348998714,True,0.046768489182061876,71,-18.561541018881606,False,False,0.9946567334092953,0.046768489182061876,1.0,0.0,0.0
2303,0.43676608886615975,-0.26676113111985034,0.48514380103287047,True,0.04689580424090783,74,-18.775733069993574,False,False,0.9462099169292971,0.04689580424090783,1.0,0.0,0.0
2304,0.5801656679720765,-0.17044938605507198,0.49116202025015687,True,0.04984780823497033,66,-16.029802097575782,False,False,0.9947307322868837,0.04984780823497033,1.0,0.0,0.0
2305,0.348468097358111,0.20953767426794356,0.4148442145930389,False,0.5934361424153352,200,-60.338466562848275,False,True,0.9568499863650717,0.09643252831416387,1.0,0.505,0.02
2306,0.5844770922095319,-0.2403781934993229,0.690902719042538,True,0.049974293334003606,50,-7.04013621685921,False,False,0.8646444056501392,0.049974293334003606,1.0,0.0,0.0
2307,0.3968702931500116,0.3777544443227161,0.42852955791128367,True,0.048741148671358925,68,-20.71054037301834,False,False,1.0133658295124885,0.048741148671358925,1.0,0.0,0.0
2308,0.5539663026119662,0.1597960313491713,0.4604549182431632,True,0.0495450569522382,69,-17.89197729243167,False,False,1.0028497730263082,0.0495450569522382,1.0,0.0,0.0
2309,0.5341150121175693,0.15746095241187708,0.31614185210120493,True,0.04999504280580188,71,-25.0163601752093,False,False,1.1140125866746673,0.04999504280580188,1.0,0.0,0.0
2310,0.537800325981571,-0.36669422605783003,0.5534400022406107,False,0.3117342648701973,200,-54.74591884638222,False,True,0.9762363424864314,0.09242498123827834,1.0,0.505,0.005
2311,0.35599031518908436,0.040181287074152305,0.3463381920970648,False,0.5486897176772682,200,-66.04724371287006,False,True,1.000967699524537,0.09549703680156013,1.0,0.5,0.005
2312,0.4440197445519414,0.2981554878732513,0.4048274177519273,True,0.044598016899046154,70,-21.607420936943818,False,False,1.0265128456978,0.044598016899046154,1.0,0.0,0.0
2313,0.40021478087254575,-0.0017536179037936916,0.4381831185181886,True,0.04786452145518983,123,-28.915183433028254,False,False,0.9330140629782748,0.04786452145518983,1.0,0.1951219512195122,0.016260162601626018
2314,0.3865605794736484,0.305797036019837,0.6281881158115562,True,0.04395279091368972,69,-13.919080202110273,False,False,0.8179879369389249,0.04395279091368972,1.0,0.0,0.0
2315,0.3084339375937334,0.21514276748375583,0.5338941792505059,False,0.5747686264888476,200,-56.87283042514628,False,True,0.8364119867964542,0.08914721552770452,1.0,0.505,0.005
2316,0.5657005251491309,0.02015978740968788,0.3605784242425075,True,0.04521710570652646,70,-22.6152513317195,False,False,1.0805551250639864,0.04521710570652646,1.0,0.0,0.0
2317,0.5568937306438477,-0.23694731774370592,0.6615574518422053,True,0.04910558505330071,53,-8.295472740095153,False,False,0.8660160097166552,0.04910558505330071,1.0,0.0,0.0
2318,0.5028459658975214,-0.10634859414285985,0.6004830644500321,True,0.04886984269015225,71,-13.278392938846746,False,False,0.8527997352639461,0.04886984269015225,1.0,0.0,0.0
2319,0.5836904432934653,0.2912542050285557,0.6202668214721991,False,0.8349226974193364,200,-67.12764331303116,False,True,0.9284890299539422,0.06216588302083035,1.0,0.505,0.0
2320,0.3030421407556895,0.08737159408158368,0.6876324571444044,True,0.0489250440238928,86,-18.475858795769195,False,False,0.6719772134828119,0.0489250440238928,1.0,0.0,0.0
2321,0.3972731112680869,-0.3956754407448748,0.44541156566573453,False,0.3350963768940467,200,-51.92645598139015,False,True,1.0062768063213297,0.057782130101788405,1.0,0.505,0.01
2322,0.4448073666830207,-0.1214453176887525,0.5818774964113016,True,0.04872976728447804,80,-16.40466104572615,False,False,0.8374812437712192,0.04872976728447804,1.0,0.0,0.0
2323,0.3185687762907558,-0.23291130421421136,0.33227339897341984,True,0.04821653934877865,96,-32.722245630826336,False,False,1.0275290284729819,0.04821653934877865,1.0,0.0,0.0
2324,0.5687977693560053,-0.30950414996369124,0.5901809501526414,False,0.3568375031831441,200,-53.894525079149,False,True,0.9468657142923936,0.07819125209779933,1.0,0.505,0.005
2325,0.5660739760698559,0.3048727654191846,0.3030614971930805,False,0.8072023654132267,200,-83.4429496992997,False,True,1.1703635609281757,0.11260391063017103,1.0,0.5,0.015
2326,0.5654935806418909,0.26594004552002715,0.6441820452909112,False,0.7985474387818792,200,-63.28607200510218,False,True,0.8922130939393342,0.05312434703560611,1.0,0.505,0.0
2327,0.5109729313480265,0.3702983502583549,0.45756195883271605,False,0.8319802862792296,200,-69.7981420545257,False,True,1.0374316422848942,0.06375230590910583,1.0,0.5,0.01
2328,0.5855139187063517,-0.2518685458074302,0.6472054358494351,False,0.3994202565744059,200,-54.08624269978896,False,True,0.8988658759313664,0.0544378542973947,1.0,0.505,0.01
2329,0.4579573607709574,-0.13776710962812627,0.3464875433871514,True,0.04586681020176815,82,-26.767047065902045,False,False,1.0497705712891263,0.04586681020176815,1.0,0.0,0.0
2330,0.4774986593271153,0.1825079854613859,0.5652474392639116,True,0.048530343369261784,69,-14.917195440891334,False,False,0.8795543545544035,0.048530343369261784,1.0,0.0,0.0
2331,0.5639710952332564,0.19477630211204033,0.6091629003527677,False,0.7667751637140438,200,-59.59522272829881,False,True,0.8985356379044401,0.0551651042251939,1.0,0.505,0.0
2332,0.36710234758790294,-0.1716845269953959,0.33800981432621247,True,0.049265947416659746,94,-31.437491039046698,False,False,1.0263869644008468,0.049265947416659746,1.0,0.0,0.0
2333,0.4584122017514031,0.34827671739582067,0.30992655995232293,False,0.739474603750496,200,-75.54577782931376,False,True,1.128903027083723,0.08081691216376777,1.0,0.5,0.01
2334,0.5406550281218536,0.22679297248434727,0.3748484816350828,False,0.7368178820872997,200,-67.33975341556113,False,True,1.079283783828665,0.05087153453197246,1.0,0.495,0.03
2335,0.5297643763051217,-0.3475026331127964,0.6456353025058135,False,0.29698205748480444,200,-52.58768890795567,False,True,0.8972717945225283,0.07146735354485673,1.0,0.505,0.005
2336,0.39447042337820937,0.3435399364704298,0.49982249585233196,True,0.04928962945112716,71,-18.596385149967503,False,False,0.940140891491748,0.04928962945112716,1.0,0.0,0.0
2337,0.5083257119799125,0.16050044544214848,0.699087567916665,False,0.6983307302537588,200,-55.38103227284648,False,True,0.7891625314592876,0.05290324825826997,1.0,0.505,0.01
2338,0.3489923751390917,-0.3462105446285657,0.4135587133561116,True,0.04881178172186389,78,-23.538846535541573,False,False,0.9970515557849564,0.04881178172186389,1.0,0.0,0.0
2339,0.4764906440120955,-0.23729119733975423,0.3945061816637452,True,0.048965985343042966,76,-22.37191179868298,False,False,1.0340317868012525,0.048965985343042966,1.0,0.0,0.0
2340,0.31103636112249033,-0.33976040377204425,0.39751016038740583,True,0.047209522864210415,83,-26.131042761528303,False,False,0.9963609017880495,0.047209522864210415,1.0,0.0,0.0
2341,0.4846560460542858,-0.38422648045287205,0.6079338058269002,False,0.27649745461770614,200,-50.369289817351195,False,True,0.9140785376533813,0.06311969329164636,1.0,0.505,0.01
2342,0.5365217403595675,0.011342952103865378,0.37692810979419306,True,0.04783948325163746,73,-22.802580799234143,False,False,1.0513468614596122,0.04783948325163746,1.0,0.0,0.0
2343,0.44423349069920104,0.06002293350709681,0.6412833816320922,False,0.6408033553150503,200,-50.31321968760485,False,True,0.7811424317121974,0.05171954058260486,1.0,0.505,0.005
2344,0.53583560024667,-0.07340402262288126,0.6683849534302899,False,0.5837580014179342,200,-51.656177237108665,False,True,0.817193450972738,0.05262648392921595,1.0,0.505,0.01
2345,0.45174640809032396,-0.024605391645199426,0.5544876348736851,True,0.04835303091864864,81,-18.108612803838838,False,False,0.8558624066997802,0.04835303091864864,1.0,0.0,0.0
2346,0.37767993029625835,-0.07436485835662054,0.6964479375984987,False,0.459343523885743,200,-45.37674963847139,False,True,0.6999095481311011,0.09862661856277997,1.0,0.505,0.015
2347,0.37516263973561204,0.1955093269748267,0.640574104974231,True,0.045369684095865864,75,-15.377096222256787,False,False,0.7675390740581528,0.045369684095865864,1.0,0.0,0.0
2348,0.3806317655223729,-0.1177279768976997,0.5259389580753697,True,0.04835635784930648,91,-22.650092114786013,False,False,0.8537315705196024,0.04835635784930648,1.0,0.0,0.0
2349,0.3603466480312,-0.18752962647790597,0.5595809113881847,True,0.04997234373962257,90,-20.716647656398315,False,False,0.8279266688352077,0.04997234373962257,1.0,0.0,0.0
2350,0.5568608992260466,-0.16168330065945719,0.4364226140049966,True,0.04865350349871298,70,-19.053279518521922,False,False,1.0244737730824274,0.04865350349871298,1.0,0.0,0.0
2351,0.4321283720458542,0.04575779051536727,0.5663505027885554,True,0.04715318926712194,82,-18.318853287494456,False,False,0.8363926166484678,0.04715318926712194,1.0,0.0,0.0
2352,0.49502639171453977,-0.0036322693704606834,0.6043327317106462,False,0.6367605318867671,200,-50.135293618491424,False,True,0.838416909328971,0.05981671780675019,1.0,0.505,0.01
2353,0.5386289739079573,-0.03968603852678393,0.5986771437657965,False,0.6290681637470331,200,-51.3519379752694,False,True,0.8702072358505883,0.056365684651507424,1.0,0.505,0.005
2354,0.35438130087941627,0.3480664606569823,0.4938635631666747,True,0.049319755435037395,79,-20.86060670104436,False,False,0.9307632016985564,0.049319755435037395,1.0,0.0,0.0
2355,0.4566138019051671,-0.16614574911978794,0.394428566078896,True,0.04477373886871336,81,-24.228306055479713,False,False,1.0109943033897149,0.04477373886871336,1.0,0.0,0.0
2356,0.3494096254846874,-0.13343956321450995,0.6511099253551915,True,0.04888608535769028,152,-24.62134037639679,False,False,0.7325672048002222,0.04888608535769028,1.0,0.34868421052631576,0.013157894736842105
2357,0.3577994282539637,0.3505177720128745,0.4492562922041291,True,0.046259384578437986,77,-22.309690915739655,False,False,0.9709174706492623,0.046259384578437986,1.0,0.0,0.0
2358,0.5622767579119752,-0.10022222012780457,0.6138619365708151,True,0.04989350760307082,60,-10.842656184855644,False,False,0.8782214080581887,0.04989350760307082,1.0,0.0,0.0
2359,0.3081854223442923,-0.3637824264686673,0.38518593996813993,True,0.04409009693797532,81,-26.015412630251657,False,False,1.014789997243463,0.04409009693797532,1.0,0.0,0.0
2360,0.5094147240327811,-0.20564339118123431,0.3503963206651851,True,0.04978038903845987,76,-23.955838979594063,False,False,1.0806552518681654,0.04978038903845987,1.0,0.0,0.0
2361,0.5379832518724696,0.358781189971054,0.3326223674225254,False,0.8325024384292193,200,-82.22500199694467,False,True,1.1478545445933863,0.10228593491518682,1.0,0.5,0.05
2362,0.4261076771402065,-0.0564728721817615,0.38719330068955116,True,0.049196875023323594,123,-29.696817797552807,False,False,0.9917899745120765,0.049196875023323594,1.0,0.1951219512195122,0.008130081300813009
2363,0.35531855488438074,-0.2259035973575018,0.38358944640456943,True,0.04963324619321309,90,-28.39893020121939,False,False,0.9912766578759057,0.04963324619321309,1.0,0.0,0.0
2364,0.5857298556507062,-0.32749527685683727,0.5683541875338142,False,0.3506978349815324,200,-56.92570835931922,False,True,0.9788752086916536,0.09554517365827403,1.0,0.505,0.0
2365,0.498642830795753,-0.3708632051692517,0.624321783314681,False,0.2827036499366382,200,-50.774264332525604,False,True,0.9041075543999522,0.06608175629370164,1.0,0.505,0.01
2366,0.30536398581988305,0.19508584539357854,0.4284887155099984,False,0.5702939297030405,200,-63.51990715964425,False,True,0.9263266924203875,0.12040274993095892,1.0,0.505,0.025
2367,0.3661206289772122,-0.17488848165143234,0.6737995067857617,False,0.35695381259401965,200,-42.23278986595891,False,True,0.7302894870784882,0.06911616551932058,1.0,0.505,0.005
2368,0.5509476630778276,0.251511219179413,0.6662689314963306,True,0.04916506588465435,55,-8.360643936918034,False,False,0.8629574192312864,0.04916506588465435,1.0,0.0,0.0
2369,0.36516903360830505,0.32880882843233594,0.5638424192154416,True,0.047682022654377446,76,-17.616732641572717,False,False,0.8693553154128275,0.047682022654377446,1.0,0.0,0.0
2370,0.4418837079122484,0.28626397465171527,0.6647122701274761,True,0.047559019119891216,61,-10.459108687872519,False,False,0.8105669870477048,0.047559019119891216,1.0,0.0,0.0
2371,0.4222952968412371,0.1573220142418067,0.3758802656950593,False,0.6091591718768881,200,-60.00223710723391,False,True,1.011101017370021,0.06934325969402416,1.0,0.5,0.035
2372,0.5675840993332664,0.14906920938066992,0.6668470494716761,False,0.750890526489541,200,-59.305000762394805,False,True,0.8494452222733923,0.060098054748277153,1.0,0.505,0.01
2373,0.46048705766963555,-0.17569725218160492,0.5666501092428071,True,0.04820709690202546,73,-15.534527897378027,False,False,0.8678788055546284,0.04820709690202546,1.0,0.0,0.0
2374,0.3969307798343954,-0.030631139700717736,0.6136198243401962,False,0.5908301068903432,200,-48.8164411354004,False,True,0.7771027020690681,0.053129705925297664,1.0,0.505,0.015
2375,0.36248617644864356,0.10554323460429749,0.551282585253031,False,0.6136997868373195,200,-53.17439193502621,False,True,0.8215978991401325,0.05163627748095935,1.0,0.505,0.0
2376,0.534069102000786,0.17370633628176424,0.3344639067405115,True,0.049510223929272776,70,-24.002504074577743,False,False,1.1006063205425904,0.049510223929272776,1.0,0.0,0.0
2377,0.3692561756129475,0.006191277482070046,0.48337213268712165,False,0.5763521356583354,200,-53.834491800817304,False,True,0.878975921091762,0.0584294039034487,1.0,0.505,0.025
2378,0.34057332253534994,0.2260579156853869,0.5312643841707105,False,0.5948348443544621,200,-53.9907715118818,False,True,0.8539296592275754,0.05209929499367933,1.0,0.505,0.0
2379,0.4602154019789266,0.05528292843489835,0.6982207262526203,False,0.6220492173291398,200,-51.23313142205,False,True,0.7446382345166569,0.06850558963035835,1.0,0.505,0.01
2380,0.3491855956935585,0.1356319806384194,0.6484859070408687,True,0.048639829797001134,80,-17.131970980985585,False,False,0.7351195087895039,0.048639829797001134,1.0,0.0,0.0
2381,0.48610130050059286,-0.36603421696652394,0.6667262613579544,True,0.04983830085447374,53,-8.506707940807962,False,False,0.8646431335097503,0.04983830085447374,1.0,0.0,0.0
2382,0.40466553120369364,0.3003463777282067,0.4267535427295513,True,0.04758599555914592,74,-22.119251757723738,False,False,0.9918160860342848,0.04758599555914592,1.0,0.0,0.0
2383,0.42623881399704,0.2612746075635165,0.3030923251483096,False,0.6511640520889359,200,-70.12226721274838,False,True,1.0982929334414964,0.08414900168889437,1.0,0.5,0.025
2384,0.553675454382908,-0.04232374360826929,0.5161038286434618,True,0.04954237023534469,70,-15.931755382167262,False,False,0.9452057770745314,0.04954237023534469,1.0,0.0,0.0
2385,0.40378440445059677,0.1838025327647227,0.5755898887270439,True,0.044884252512008574,77,-17.466241550447588,False,False,0.8333238514607446,0.044884252512008574,1.0,0.0,0.0
2386,0.40008810964728314,-0.3777883250787558,0.6816452117984306,True,0.04940771185415606,57,-9.641088835646157,False,False,0.813646530250574,0.04940771185415606,1.0,0.0,0.0
2387,0.46013748494941487,0.242622317295357,0.5973382155471108,True,0.049853080749830296,65,-13.258593475274566,False,False,0.8590608415155153,0.049853080749830296,1.0,0.0,0.0
2388,0.5032065322763951,0.0021492590917760457,0.653868273480729,False,0.6402089064012838,200,-51.53631955707509,False,True,0.8040619602040384,0.06652650380957642,1.0,0.505,0.005
2389,0.47789525970839664,-0.3004930922194041,0.3324961480980968,False,0.3662018493204263,200,-57.518163238477,False,True,1.1037841885066977,0.07191201538197052,1.0,0.505,0.02
2390,0.43028276548967714,-0.26008465949642157,0.6948743799654258,True,0.04761869531917049,62,-9.25762871711317,False,False,0.7722244044608108,0.04761869531917049,1.0,0.0,0.0
2391,0.5447916014715857,0.02114797889121578,0.4334956904146925,True,0.045468141960582395,72,-19.949933333914494,False,False,1.0077245064056763,0.045468141960582395,1.0,0.0,0.0
2392,0.5935793022456957,-0.02573367657049619,0.38180120082420693,True,0.04615557141025968,68,-21.007451468138406,False,False,1.0777555801773695,0.04615557141025968,1.0,0.0,0.0
2393,0.3227195757451141,-0.0895512669412627,0.36346440341004455,False,0.5315229673449611,200,-66.12779492197312,False,True,0.9767491617554188,0.08505720156878362,1.0,0.505,0.02
2394,0.46325557420332486,-0.09768158149484918,0.4530265027511924,True,0.047222753631031164,81,-22.030088710759813,False,False,0.9537754088571071,0.047222753631031164,1.0,0.0,0.0
2395,0.42056579225268187,0.2195105607197152,0.6185560297152635,True,0.045621416062079305,70,-14.085785357710137,False,False,0.81479597792701,0.045621416062079305,1.0,0.0,0.0
2396,0.5087295859383997,-0.03269408419783709,0.5354507595655839,True,0.04919479132246467,75,-16.590593210441902,False,False,0.9031712820184955,0.04919479132246467,1.0,0.0,0.0
2397,0.41343948710558986,0.2971594021483941,0.5031810253966431,True,0.04480240136512034,72,-18.494015196561904,False,False,0.9296441668911755,0.04480240136512034,1.0,0.0,0.0
2398,0.5046742487935667,-0.20072424267877978,0.6472447737744818,True,0.047009265807223574,60,-9.947111539854339,False,False,0.8346448380977959,0.047009265807223574,1.0,0.0,0.0
2399,0.5601177966676361,0.14322315755853543,0.36779836718025044,True,0.04733658472942642,68,-21.948253156242046,False,False,1.0808247041905754,0.04733658472942642,1.0,0.0,0.0
2400,0.5441826375698084,-0.11572929014793998,0.6026162432178752,True,0.048457330130056486,63,-11.74379312946952,False,False,0.8773440220898556,0.048457330130056486,1.0,0.0,0.0
2401,0.48411917337161114,-0.34775703939048763,0.3586167610530726,False,0.3469160838443786,200,-58.15398329364101,False,True,1.0982245544347504,0.0902470298333463,1.0,0.505,0.02
2402,0.45692260514831096,0.009255829722560172,0.3367384682835397,False,0.5536148510882343,200,-59.83297657127623,False,True,1.0490442210692112,0.05746505116650459,1.0,0.5,0.0
2403,0.42478055860074326,0.13122108184438963,0.5502826497829874,True,0.04761572574700541,79,-18.52698563049426,False,False,0.8553393134849969,0.04761572574700541,1.0,0.0,0.0
2404,0.4938946491765551,0.3102533423767584,0.36714357288933464,True,0.04997442021608081,68,-22.184307175246516,False,False,1.0841229774850325,0.04997442021608081,1.0,0.0,0.0
2405,0.36317051448970916,0.27111292350201743,0.6936558458078748,True,0.04949224283511652,68,-12.33512277854327,False,False,0.7418680444302612,0.04949224283511652,1.0,0.0,0.0
2406,0.47892173540292815,-0.05215452078347721,0.6673661451007264,False,0.5826082559572484,200,-49.518186609479464,False,True,0.7801491079006364,0.06879294094739323,1.0,0.505,0.01
2407,0.543840646402683,-0.3655350604666434,0.3257106508983436,False,0.3284331210889667,200,-65.75258977321771,False,True,1.15842836188463,0.12863277204266468,1.0,0.505,0.01
2408,0.38589651119513974,0.3432977217917422,0.6518590937284532,True,0.04818901168066634,65,-12.39322415299787,False,False,0.8139949158824004,0.04818901168066634,1.0,0.0,0.0
2409,0.33153796430275595,0.13398461307670417,0.4877152064765168,False,0.5903386322596103,200,-58.248617716796204,False,True,0.8701551941752582,0.08838681091439034,1.0,0.505,0.005
2410,0.36332981396072633,0.00039381997487131226,0.5817866564294674,True,0.04832727297892098,91,-21.517859131010304,False,False,0.7879771625078248,0.04832727297892098,1.0,0.0,0.0
2411,0.5148772038141352,0.31849417903410526,0.6029245422584492,True,0.049168343664104774,56,-10.961912737700805,False,False,0.9090233239448798,0.049168343664104774,1.0,0.0,0.0
2412,0.3244948072296801,-0.28870676283258306,0.43350863377560683,True,0.048328689742081855,87,-25.658569434597087,False,False,0.9523077709703309,0.048328689742081855,1.0,0.0,0.0
2413,0.3257868617239694,0.34009238563797195,0.4936182937822249,True,0.049259067601966806,153,-32.25768196245834,False,False,0.9174801694453998,0.049259067601966806,1.0,0.35294117647058826,0.026143790849673203
2414,0.5718062889433881,0.31170106133592923,0.42105104498836443,False,0.839457677550846,200,-74.31224011281483,False,True,1.078717844914548,0.0749462585502126,1.0,0.5,0.0
2415,0.3930241892850477,0.3884448546386978,0.40560215830686436,True,0.04793565022058468,67,-21.57799377614412,False,False,1.0352192036943,0.04793565022058468,1.0,0.0,0.0
2416,0.3781858839782626,0.12339695062213696,0.30753894676598487,False,0.5654378730497167,200,-68.51614347015047,False,True,1.0516072424750762,0.10849616199592625,1.0,0.5,0.01
2417,0.4305161974305082,0.25928271118854584,0.6775702468906556,True,0.046238785004323504,63,-10.56210991193263,False,False,0.7853019721785593,0.046238785004323504,1.0,0.0,0.0
2418,0.42878988138578933,-0.31305801230748725,0.6271629161822817,True,0.04618505764581212,63,-11.640480136359033,False,False,0.8422404725643345,0.04618505764581212,1.0,0.0,0.0
2419,0.3224754318420267,-0.23674687049986698,0.5692649711583968,False,0.4280757127003473,200,-45.45802827918477,False,True,0.8164595740845871,0.05365288713429719,1.0,0.505,0.01
2420,0.4618524511397383,0.05435126925191991,0.34951299300930233,False,0.5763408511618874,200,-59.67747989073114,False,True,1.041119489436812,0.059200649954966544,1.0,0.5,0.0
2421,0.30337854615842647,0.29976061935170706,0.6088851580547086,False,0.5684111647837081,200,-54.40847052482309,False,True,0.7960108868256321,0.07291737907813975,1.0,0.505,0.0
2422,0.32133382200568233,0.02958607913760619,0.6179978233038192,True,0.04809943733834262,91,-21.84035972735623,False,False,0.7373619515184875,0.04809943733834262,1.0,0.0,0.0
2423,0.3204848139448611,-0.005446798646586537,0.5451036009246899,True,0.0497145899420811,101,-26.555450651231684,False,False,0.8026728435400741,0.0497145899420811,1.0,0.019801980198019802,0.0
2424,0.4696354205446571,0.3697474844133435,0.4650474049705308,False,0.7853470671476666,200,-64.34710322097051,False,True,1.0114589797878888,0.05351341808115626,1.0,0.5,0.01
2425,0.5991680218558946,-0.04505241266490739,0.45711497205357754,True,0.049912846077033134,66,-17.431574232921747,False,False,1.0197149491774413,0.049912846077033134,1.0,0.0,0.0
2426,0.5589398993775965,-0.19503672158839694,0.4355018028855225,False,0.4676498016081301,200,-53.2889293328416,False,True,1.032143563274409,0.05301577825717689,1.0,0.505,0.01
2427,0.3623969492314213,-0.004459072620758786,0.6538795714918977,False,0.5841315183000012,200,-50.062787342577806,False,True,0.7243144786575638,0.057367492008594485,1.0,0.505,0.01
2428,0.5831681420015392,-0.3889519982225378,0.3195846531129105,False,0.31263487007306623,200,-71.69319545356655,False,True,1.189826965570438,0.1575713155282722,1.0,0.505,0.0
2429,0.5989265335692866,-0.3301343506901051,0.44896440988024144,False,0.348846241838757,200,-61.66459622142593,False,True,1.0770259538870208,0.11770635530345636,1.0,0.505,0.02
2430,0.4063954981636962,0.23273957023300051,0.5356838764565536,True,0.0455079654009674,76,-18.496288196138842,False,False,0.8802392473029983,0.0455079654009674,1.0,0.0,0.0
2431,0.4865072326799521,-0.012584495654588745,0.3388316300982508,True,0.04919243079380229,81,-26.68193057884079,False,False,1.0604380671326457,0.04919243079380229,1.0,0.0,0.0
2432,0.5848789212309191,0.3498907170900546,0.4247122334433248,False,0.8874796556801554,200,-80.03599495477096,False,True,1.0944110770449997,0.0913734720817916,1.0,0.5,0.005
2433,0.5405835591390822,0.24089686861694115,0.6640760633659719,True,0.047658097555154315,56,-8.609903829426713,False,False,0.8549017658840289,0.047658097555154315,1.0,0.0,0.0
2434,0.38215584226424004,0.0036008739178585714,0.5635502738243359,True,0.0484375334911093,90,-21.391488205477224,False,False,0.8128900071098599,0.0484375334911093,1.0,0.0,0.0
2435,0.4976890630215065,0.26132989131462003,0.38723471435286344,True,0.04599981459708326,68,-21.45924997399333,False,False,1.0558428393336945,0.04599981459708326,1.0,0.0,0.0
2436,0.4200999009299863,0.11621913796863714,0.6225145966003001,True,0.04634899472170187,76,-15.290445605309506,False,False,0.7896795814007974,0.04634899472170187,1.0,0.0,0.0
2437,0.3061826407231473,-0.22959967449970808,0.5146885486945796,False,0.46540107243532736,200,-50.88020059034021,False,True,0.8565611831115202,0.05040346104663521,1.0,0.505,0.015
2438,0.35659326413238013,-0.32852241189663833,0.4941149308489539,True,0.04969722834661396,76,-19.998154026140057,False,False,0.9242693564093175,0.04969722834661396,1.0,0.0,0.0
2439,0.48310574296540987,0.12505305570140157,0.43297643330645263,True,0.04775753987141188,77,-21.645884253904125,False,False,0.9839580251684105,0.04775753987141188,1.0,0.0,0.0
2440,0.47597503217573583,-0.23863427721739428,0.628052216577502,True,0.04412245584027089,63,-11.180303579036856,False,False,0.8425196480766032,0.04412245584027089,1.0,0.0,0.0
2441,0.5547520058759587,0.26214596870663553,0.36834620102012333,False,0.7727183078896775,200,-71.84384650227898,False,True,1.099730536869607,0.06428919681592266,1.0,0.5,0.06
2442,0.574541351319548,-0.05795038981981271,0.4741718575102598,True,0.049297836499907086,68,-17.205174880256248,False,False,0.9921832812388617,0.049297836499907086,1.0,0.0,0.0
2443,0.5454498054870929,-0.18002252516707334,0.43531897828724736,True,0.04830460998418032,71,-19.263172252345072,False,False,1.0223013207265597,0.04830460998418032,1.0,0.0,0.0
2444,0.3661590266575575,-0.38508230501994317,0.5760633423926701,True,0.04600201770854623,66,-14.916859334371892,False,False,0.8827777215599765,0.04600201770854623,1.0,0.0,0.0
2445,0.33393472048610573,-0.34247643054866633,0.3591663144041472,True,0.04587411366489198,81,-26.67091231872466,False,False,1.038546988310242,0.04587411366489198,1.0,0.0,0.0
2446,0.3449627139858409,-0.033275160038926443,0.6644751212854699,False,0.5426128902586856,200,-48.74828785199058,False,True,0.7072548595733489,0.0709264131442436,1.0,0.505,0.02
2447,0.44551091906738327,0.07306942252254905,0.3840908754290799,False,0.5860249193481156,200,-57.24965787005966,False,True,1.0041240447544983,0.06148406736094224,1.0,0.5,0.005
2448,0.3878578912640246,-0.2777601898072556,0.644678893299659,True,0.04624576425019934,70,-12.8238107846543,False,False,0.7952917814809285,0.04624576425019934,1.0,0.0,0.0
2449,0.49353186364196167,-0.08917029444065427,0.3523328566880131,True,0.04995908094826393,78,-25.394040420028134,False,False,1.0554372103105285,0.04995908094826393,1.0,0.0,0.0
2450,0.46527300337831834,-0.16721160890974654,0.513417418463399,True,0.04677375907808205,76,-18.119193810579887,False,False,0.9130288655381753,0.04677375907808205,1.0,0.0,0.0
2451,0.3189513022096895,0.3658460107908744,0.6753352655308694,False,0.598649520524283,200,-54.87725368403261,False,True,0.7761462538533306,0.055191107561321576,1.0,0.505,0.035
2452,0.3931325075072838,0.09360740128843464,0.47226949901632476,True,0.049225524154372605,151,-29.343214469777877,False,False,0.9040799396379048,0.049225524154372605,1.0,0.3443708609271523,0.006622516556291391
2453,0.5468757234372029,0.36210521271100793,0.3554807681068351,False,0.847855651577959,200,-81.47334537784143,False,True,1.134362856655513,0.0971757098745862,1.0,0.5,0.07
2454,0.5971950639617604,0.3403026693987269,0.5296683071033951,False,0.8995818609540209,200,-75.51375513275663,False,True,1.0183060266782535,0.07569985727153451,1.0,0.5,0.015
2455,0.38197654190378194,0.22209375244078045,0.3291113737719769,False,0.6054649770569378,200,-66.50875724683303,False,True,1.0494396934455492,0.09273734161926318,1.0,0.5,0.03
2456,0.3466438296659723,-0.378140354159918,0.4727010607399118,True,0.049831489333515736,73,-20.217049772818136,False,False,0.9573396718513147,0.049831489333515736,1.0,0.0,0.0
2457,0.37148079749605845,-0.1487298583267747,0.3638042918564881,True,0.04846503861392369,96,-30.681117415551125,False,False,1.0006830270888454,0.04846503861392369,1.0,0.0,0.0
2458,0.5511963309973489,-0.27551554984028803,0.3990434905407765,False,0.38520321622720444,200,-56.6508906935759,False,True,1.0759058964832364,0.08125564777958172,1.0,0.505,0.025
2459,0.5402485698664047,-0.1879668371462093,0.36764014415735624,False,0.4502404536630912,200,-55.82751880744195,False,True,1.077694889741566,0.05155096755771565,1.0,0.505,0.005
2460,0.4447883480601963,-0.06555540765430451,0.33253673661843824,True,0.049019543353878745,88,-28.969781507848957,False,False,1.049626956602881,0.049019543353878745,1.0,0.0,0.0
2461,0.5130337387856447,0.3417365040835084,0.5811917909852062,True,0.04744132723180884,57,-11.788219971549005,False,False,0.9325872531609521,0.04744132723180884,1.0,0.0,0.0
2462,0.31634714926023305,-0.15829917822758308,0.5115832900932524,False,0.5180224837607901,200,-53.26909332306505,False,True,0.8468389588091692,0.05126655159643921,1.0,0.505,0.01
2463,0.35928208979420667,0.2849397954820029,0.5578097996832279,True,0.04965278734163229,80,-19.048615739395196,False,False,0.8563167480138129,0.04965278734163229,1.0,0.0,0.0
2464,0.46748711474540255,-0.04145281010521362,0.5257666087018339,True,0.04650169204285238,80,-18.724943104638616,False,False,0.8891794044231964,0.04650169204285238,1.0,0.0,0.0
2465,0.5272048832588624,0.09100292491975487,0.3940938525286852,True,0.04651504145645176,73,-22.02364298115723,False,False,1.035774606609834,0.04651504145645176,1.0,0.0,0.0
2466,0.4471502734861357,0.023499097450354722,0.5813972823904441,True,0.049800210209169186,80,-16.975595370349204,False,False,0.8306259911332763,0.049800210209169186,1.0,0.0,0.0
2467,0.5280407158403784,-0.39535500836097337,0.315735495936701,False,0.3197920368191903,200,-67.34042035482636,False,True,1.1691313626054345,0.13535721254321723,1.0,0.505,0.01
2468,0.42457914203315544,0.10295595126622148,0.6731905080697971,True,0.048512028636692045,76,-12.92361102366703,False,False,0.7485317322803172,0.048512028636692045,1.0,0.0,0.0
2469,0.32381481386714694,-0.13656720845433734,0.46770043435504216,False,0.5312167618412995,200,-56.49094008078682,False,True,0.8859812749622109,0.05401106148492318,1.0,0.505,0.02
2470,0.5547763479719019,-0.07119489083721503,0.41637829758544065,True,0.04846467130728998,71,-20.369454668139387,False,False,1.029765117411147,0.04846467130728998,1.0,0.0,0.0
2471,0.5752212054746257,-0.2179528709427289,0.44474792321153217,False,0.4520147109142232,200,-54.55622502090453,False,True,1.0381235114926186,0.0630869854530939,1.0,0.505,0.015
2472,0.4015146104774428,0.11319333949942101,0.5132373103525285,True,0.04542380431013751,148,-26.973905701674568,False,False,0.873777009395383,0.04542380431013751,1.0,0.3310810810810811,0.006756756756756757
2473,0.45652803325546176,0.08378975609893813,0.6478009640465952,False,0.6537413587501335,200,-50.882583903320494,False,True,0.7850984572058475,0.05188057417107911,1.0,0.505,0.005
2474,0.3102417874973526,0.16313032827817775,0.6407289180081144,True,0.044746204085762846,85,-19.436731741590634,False,False,0.7299373460427139,0.044746204085762846,1.0,0.0,0.0
2475,0.5550493785066701,0.036832796244244626,0.6119217379669268,False,0.6903252683945973,200,-54.54842605956502,False,True,0.8701161923471294,0.06347090044192719,1.0,0.505,0.01
2476,0.46004699786620645,-0.09745176705890712,0.5677209122172555,True,0.04877582207824446,79,-16.668420456162107,False,False,0.8543460330668893,0.04877582207824446,1.0,0.0,0.0
2477,0.4919665151859288,-0.0593109651486034,0.513545647225609,True,0.047296690876027316,77,-18.16412523722769,False,False,0.9135288863760933,0.047296690876027316,1.0,0.0,0.0
2478,0.5223493643474663,-0.3184512952891317,0.6394573029547985,False,0.31869169877859704,200,-50.03794286617385,False,True,0.886474544495745,0.05678717702937673,1.0,0.505,0.005
2479,0.5059873593910829,-0.20595095638849667,0.6170472006719364,True,0.046103096192486585,62,-11.261636793813965,False,False,0.8598094696136532,0.046103096192486585,1.0,0.0,0.0
2480,0.528105850200095,-0.31826637372848987,0.4732580306995755,False,0.36316653154379835,200,-53.17117747188546,False,True,1.0161871690946274,0.07911056236725292,1.0,0.505,0.01
2481,0.593314108559091,0.17271897892169197,0.3323876154152855,False,0.7247048488407037,200,-72.53148198226147,False,True,1.1321302633891168,0.05791085843394608,1.0,0.495,0.005
2482,0.567601318798307,-0.30777009821838625,0.46418344711792675,False,0.37182412214360433,200,-56.44517969817676,False,True,1.041193051994874,0.09215125435387096,1.0,0.505,0.01
2483,0.5602582504627637,-0.3372324886095921,0.670171976955305,False,0.29242610486349513,200,-55.72827560898415,False,True,0.8948329074880768,0.07731439756784154,1.0,0.505,0.005
2484,0.4426498503639257,-0.23378011003473098,0.6785337300304382,True,0.04512182637414292,64,-9.947354937239034,False,False,0.7832991997487864,0.04512182637414292,1.0,0.0,0.0
2485,0.37685079737621296,-0.07944035467399796,0.4903547425507111,True,0.04901146797885227,96,-25.384680011072724,False,False,0.879458479156999,0.04901146797885227,1.0,0.0,0.0
2486,0.41696251063322703,0.10332115133807829,0.4334418299586933,False,0.599566738036031,200,-54.647224079969654,False,True,0.9502041081738899,0.06347677186391794,1.0,0.505,0.065
2487,0.5063581003350427,-0.28503968129958085,0.5104327292459191,False,0.3932538701344711,200,-48.64806174789532,False,True,0.965101064370409,0.05231309886287727,1.0,0.505,0.01
2488,0.5637347545897897,-0.06961647446005381,0.3789318499850302,True,0.04619821625422612,71,-21.8580668357386,False,False,1.0660066952511398,0.04619821625422612,1.0,0.0,0.0
2489,0.40095937278331717,0.2764186226706177,0.3425945475184882,False,0.6431654857747926,200,-65.33795709861926,False,True,1.0572513735283076,0.06602572029765147,1.0,0.5,0.01
2490,0.44949699211263316,0.052352063200561794,0.4114262191949359,False,0.5861847487173873,200,-54.50340878501467,False,True,0.9802789626952568,0.05579329649859433,1.0,0.5,0.005
2491,0.349326558676548,-0.16190853574874522,0.4921422291295944,True,0.04931025339602311,95,-25.464344601108508,False,False,0.8778040790565994,0.04931025339602311,1.0,0.0,0.0
2492,0.31490203945125994,-0.3141137807851008,0.5873988843364986,True,0.04926790204253514,80,-18.101070887962308,False,False,0.8239619344246113,0.04926790204253514,1.0,0.0,0.0
2493,0.5716781222100955,-0.27774074935557524,0.3363328939831183,False,0.36056282140283136,200,-62.424230039119735,False,True,1.1385744334288106,0.09945924500299988,1.0,0.505,0.015
2494,0.30015995356993497,0.11081197000152776,0.46697511242391015,False,0.5735347712016664,200,-63.29230662814459,False,True,0.8746495343938441,0.10709449726551194,1.0,0.505,0.09
2495,0.5032041203704989,0.27752874264406335,0.399950193372248,True,0.04884388593827287,66,-20.523690456245603,False,False,1.0518960744811037,0.04884388593827287,1.0,0.0,0.0
2496,0.38002030225517286,0.20005925323004414,0.5192430254180549,True,0.047902381111458066,149,-27.968685181825293,False,False,0.8744786007972052,0.047902381111458066,1.0,0.33557046979865773,0.026845637583892617
2497,0.4788448534637033,0.07077786435346062,0.6826625115213323,False,0.6508525485620437,200,-52.021116387858,False,True,0.7696165603010302,0.06416354000390832,1.0,0.505,0.01
2498,0.5783388518426491,0.287010129662599,0.624565169122183,False,0.8260257897466031,200,-66.10819941426989,False,True,0.9207373834420158,0.059633467633205886,1.0,0.505,0.005
2499,0.3176369738799334,0.14498550749409755,0.6664954034811368,True,0.04654720426755565,82,-17.790547217252737,False,False,0.706774323034546,0.04654720426755565,1.0,0.0,0.0
