eval/success_rate,time/iterations,time/time_elapsed,rollout/ep_rew_mean,rollout/success_rate,time/fps,eval/mean_distance,time/total_timesteps,rollout/ep_len_mean,train/approx_kl,train/n_updates,train/clip_range,train/entropy_loss,train/learning_rate,train/policy_gradient_loss,train/std,train/value_loss,train/loss,train/explained_variance,train/clip_fraction
0.75,1,1,-32.123380690000005,0.6,1577,0.1577260508466331,452048,126.09,,,,,,,,,,,
,2,3,-31.58003781,0.61,1277,,454096,125.43,0.023064462,2200,0.2,-5.928836289048195,0.0003,-0.005354401022486854,0.5700289607048035,1.3532722529023886,0.07743623852729797,0.836575910449028,0.24150390625
,3,4,-32.348468430000004,0.59,1229,,456144,129.39,0.01635655,2210,0.2,-5.907317976653576,0.0003,-0.00839457580295857,0.5673173666000366,3.8844533950090407,1.180810570716858,0.7803221046924591,0.1943359375
,4,6,-32.54044286,0.6,1185,,458192,128.32,0.019700576,2220,0.2,-5.879383106529713,0.0003,-0.007845881863613614,0.566052258014679,3.0709266517311335,0.4441567063331604,0.8428437858819962,0.2287109375
0.6,5,10,-33.30109915,0.59,1021,0.2369843828483394,460240,129.09,0.02381253,2230,0.2,-5.865383081138134,0.0003,-0.007266042372793891,0.5661024451255798,2.4486907995305955,0.4856863021850586,0.8580421954393387,0.26435546875
,6,11,-34.31897928,0.57,1047,,462288,131.94,0.022305977,2240,0.2,-5.838922666013241,0.0003,-0.005430213382351212,0.5628987550735474,0.9665088379289954,0.26535728573799133,0.8734839260578156,0.255908203125
,7,13,-34.41174108,0.57,1069,,464336,131.8,0.017543737,2250,0.2,-5.831456393003464,0.0003,-0.008036614322190872,0.5642380714416504,1.687308642361313,0.546888530254364,0.920449897646904,0.217333984375
,8,15,-34.33688994,0.58,1081,,466384,131.21,0.025277711,2260,0.2,-5.831105326116085,0.0003,-0.00856745186029002,0.5634923577308655,2.8839420195668937,0.4837394058704376,0.8364167809486389,0.22509765625
,9,16,-34.67142998,0.57,1090,,468432,130.02,0.017234504,2270,0.2,-5.824679327011109,0.0003,-0.013000367484346497,0.5636534690856934,2.2720848141238092,1.0239967107772827,0.8672104179859161,0.203173828125
0.3,10,20,-35.940310440000005,0.53,1015,0.41061366309856523,470480,134.49,0.018280804,2280,0.2,-5.826366645097733,0.0003,-0.007066298002609983,0.5625866055488586,2.306913790758699,0.2961116135120392,0.7322052717208862,0.216796875
,11,21,-38.97634984,0.45,1032,,472528,146.22,0.019975234,2290,0.2,-5.810190679132939,0.0003,-0.01304161476655281,0.5614678263664246,2.403991529531777,0.9106787443161011,0.8480901271104813,0.2259765625
,12,23,-39.76370141,0.42,1047,,474576,148.67,0.029936194,2300,0.2,-5.8043264403939245,0.0003,-0.0062912872468587015,0.5605466961860657,2.395991634670645,0.5818053483963013,0.8286391496658325,0.2451171875
,13,25,-38.05966182,0.46,1056,,476624,145.0,0.015828365,2310,0.2,-5.795738941431045,0.0003,-0.007593907395494171,0.5601180195808411,2.9495784745085984,0.19929908215999603,0.85812146961689,0.244384765625
,14,26,-37.034427369999996,0.49,1063,,478672,139.3,0.014163479,2320,0.2,-5.777928625047207,0.0003,-0.011232806972839172,0.5577991604804993,4.412780691310763,1.7049485445022583,0.7691521942615509,0.206494140625
0.55,15,29,-36.91568588,0.5,1026,0.24371134331224412,480720,139.37,0.018939314,2330,0.2,-5.754318113625049,0.0003,-0.009590885856596287,0.5555721521377563,2.6204435413703324,0.39896976947784424,0.7852775901556015,0.20625
,16,31,-35.87598371,0.54,1032,,482768,137.32,0.019070003,2340,0.2,-5.744150072336197,0.0003,-0.005911714328976814,0.5559369325637817,2.9426024083048103,0.18044185638427734,0.8236320614814758,0.212646484375
,17,33,-36.162352059999996,0.56,1041,,484816,135.15,0.022668347,2350,0.2,-5.736368237435817,0.0003,-0.00930927331064595,0.5552295446395874,2.8361525114625694,0.8282256126403809,0.8801413550972939,0.234619140625
,18,35,-33.588228380000004,0.62,1046,,486864,126.4,0.020346355,2360,0.2,-5.704855160415173,0.0003,-0.013231353371520527,0.5501548647880554,2.4980533426627516,0.7494093179702759,0.9001943096518517,0.228125
,19,36,-33.362883339999996,0.62,1052,,488912,124.51,0.014779122,2370,0.2,-5.675599782168865,0.0003,-0.006220528444100637,0.5497018098831177,3.6878521950915455,0.865572452545166,0.8225513845682144,0.2048828125
0.55,20,39,-34.03655638000001,0.62,1025,0.30524336533418317,490960,126.47,0.026787372,2380,0.2,-5.656746397912502,0.0003,-0.007828730923938565,0.5466054081916809,1.1981831153389066,0.30826205015182495,0.8999065980315208,0.26630859375
,21,41,-35.01905970999999,0.59,1033,,493008,129.85,0.02266316,2390,0.2,-5.6371063277125355,0.0003,-0.009305421375029255,0.5469340682029724,3.070808868575841,0.665563702583313,0.8494806438684464,0.23740234375
,22,43,-35.70048169,0.56,1040,,495056,133.18,0.023008488,2400,0.2,-5.626849874854088,0.0003,-0.0111147321324097,0.5439651608467102,1.356394601939246,0.17492783069610596,0.8700812309980392,0.271240234375
,23,45,-34.32637055,0.59,1045,,497104,127.62,0.01590204,2410,0.2,-5.591203106939792,0.0003,-0.008152679749036907,0.541451096534729,2.8768086085096,1.4044647216796875,0.8993506580591202,0.20087890625
,24,46,-34.40492877,0.58,1048,,499152,129.41,0.016796451,2420,0.2,-5.567258785665035,0.0003,-0.010639441814419115,0.5399600267410278,3.238749820739031,0.8569945096969604,0.8854911178350449,0.19013671875
0.45,25,49,-35.32438172,0.58,1024,0.35174278799801645,501200,130.41,0.015931353,2430,0.2,-5.539751271903515,0.0003,-0.01276094477798324,0.5369564294815063,4.454579285345972,2.131031036376953,0.8580333739519119,0.197607421875
,26,51,-38.16877956,0.51,1032,,503248,138.57,0.023880595,2440,0.2,-5.52287652939558,0.0003,-0.0109430760552641,0.5374545454978943,2.262590205203742,0.35891178250312805,0.9203205108642578,0.245947265625
,27,53,-35.552531300000005,0.57,1037,,505296,130.74,0.033816963,2450,0.2,-5.544716380536556,0.0003,-0.008604505854600574,0.5385571718215942,0.5347498680464924,0.12936198711395264,0.945990115404129,0.330322265625
,28,55,-35.384743119999996,0.58,1042,,507344,128.56,0.015179866,2460,0.2,-5.531127269566059,0.0003,-0.004306726272625383,0.5358198285102844,3.234213617630303,0.48915860056877136,0.8678262382745743,0.206396484375
,29,56,-36.122928429999995,0.57,1045,,509392,129.8,0.019615771,2470,0.2,-5.525473316013813,0.0003,-0.00897388417943148,0.5378653407096863,1.6075773754157126,0.19758790731430054,0.9255591332912445,0.2431640625
0.5,30,59,-36.61345953,0.57,1025,0.3262568093855866,511440,128.33,0.021055032,2480,0.2,-5.520227900147438,0.0003,-0.005944568431004882,0.5349699258804321,2.4010310688056054,0.6159138679504395,0.8388426750898361,0.2177734375
,31,61,-34.88554896,0.6,1029,,513488,124.28,0.019110734,2490,0.2,-5.51668094843626,0.0003,-0.010520923980220687,0.5370910167694092,2.3783851908519864,0.27228665351867676,0.9199008420109749,0.2302734375
,32,63,-34.14483298,0.62,1034,,515536,122.18,0.024962794,2500,0.2,-5.526966920495033,0.0003,-0.010735480510629714,0.536892831325531,1.9902721920982003,0.24900031089782715,0.8789114132523537,0.25322265625
,33,65,-32.91685769,0.64,1036,,517584,118.77,0.022873562,2510,0.2,-5.515864956378937,0.0003,-0.005982591290376149,0.5353483557701111,1.0875772500410676,0.24480684101581573,0.9141571745276451,0.23173828125
,34,66,-31.931150090000003,0.66,1039,,519632,116.32,0.01669361,2520,0.2,-5.500974284112454,0.0003,-0.007626146949769463,0.5350341796875,2.643793541006744,0.7330073118209839,0.9060052111744881,0.183447265625
0.75,35,69,-31.47596262,0.69,1025,0.16490995286515636,521680,113.48,0.019753553,2530,0.2,-5.505260820686817,0.0003,-0.014938543766038492,0.5352545976638794,3.184386878088117,0.4974135160446167,0.9197070673108101,0.2212890625
,36,71,-31.884137099999997,0.67,1029,,523728,115.16,0.01648862,2540,0.2,-5.492459940910339,0.0003,-0.008539240965910721,0.5322813391685486,3.2077978449873625,0.4402346909046173,0.9297811165452003,0.203271484375
,37,73,-30.75158825,0.7,1031,,525776,113.78,0.020479541,2550,0.2,-5.451240572333336,0.0003,-0.007931103398732375,0.5300235152244568,3.3847195129841565,1.4661089181900024,0.9188412800431252,0.218408203125
,38,75,-30.14790626,0.7,1035,,527824,114.0,0.030980429,2560,0.2,-5.4291547134518625,0.0003,-0.003981896401091945,0.5290730595588684,3.219804724678397,0.5111704468727112,0.8262274265289307,0.259765625
,39,76,-31.71254812,0.66,1038,,529872,119.49,0.02038031,2570,0.2,-5.4136665418744085,0.0003,-0.006828614776168251,0.528213620185852,1.7119613982737065,0.29831233620643616,0.914008803665638,0.27626953125
0.7,40,79,-31.94463873,0.66,1026,0.19938263171661935,531920,120.32,0.02460713,2580,0.2,-5.418805982172489,0.0003,-0.012259991554310545,0.5302134156227112,2.5341017284430563,0.6696443557739258,0.8873946890234947,0.26025390625
,41,81,-31.56025193,0.67,1028,,533968,118.58,0.018290725,2590,0.2,-5.414301578700543,0.0003,-0.006862633475975599,0.527823269367218,3.064306167140603,0.38756048679351807,0.8788287714123726,0.20029296875
,42,83,-32.87334113,0.62,1033,,536016,125.18,0.024980482,2600,0.2,-5.37825674712658,0.0003,-0.008621916525589768,0.5251699686050415,2.906146205123514,0.6265090107917786,0.834312379360199,0.2390625
,43,84,-34.228693400000004,0.59,1036,,538064,128.84,0.020300817,2610,0.2,-5.361130195856094,0.0003,-0.007643124261812772,0.5250487923622131,1.0078344327863307,0.12567442655563354,0.89956284314394,0.263720703125
0.7,44,87,-34.93788769,0.61,1025,0.19655380192539862,540112,127.29,0.022751696,2620,0.2,-5.353879024088383,0.0003,-0.007578785465011606,0.5237830877304077,1.6062495677731932,0.1850605010986328,0.9244242906570435,0.2548828125
,45,89,-35.547689160000004,0.61,1028,,542160,127.7,0.019869287,2630,0.2,-5.3539773896336555,0.0003,-0.00814285937085515,0.524167001247406,3.5868861015886067,1.6979870796203613,0.8860932737588882,0.20302734375
,46,91,-33.821954100000006,0.65,1030,,544208,121.91,0.018203475,2640,0.2,-5.348976156115532,0.0003,-0.009572784314514138,0.5235167145729065,2.8099459964782,0.38683193922042847,0.8628193140029907,0.2328125
,47,93,-34.79604355,0.63,1032,,546256,124.03,0.023504801,2650,0.2,-5.341974523663521,0.0003,-0.010804317491420079,0.5233306884765625,1.856203653384,0.25687476992607117,0.9000592529773712,0.25615234375
,48,95,-32.80768576,0.69,1034,,548304,115.8,0.022086767,2660,0.2,-5.356111122667789,0.0003,-0.010738475625112187,0.5258089303970337,1.582413385855034,0.19606178998947144,0.8949422910809517,0.246337890625
0.75,49,97,-32.82974791,0.68,1025,0.18270443283104004,550352,115.89,0.018489262,2670,0.2,-5.369062353670597,0.0003,-0.009872718947008252,0.5257856845855713,1.9272165636532008,0.3562915325164795,0.9201009497046471,0.22734375
